0,1,2,3,4,5,6,7,8,9,10,11,12,13,14,15
1,418.22,424.98,400.56,456.08,489.6,445.48,434.98,417.6,483.94,438.7,462.96,445.86,433.38,440.74,467.2
2,405.48,433.84,407.22,456.52,497.46,442.72,428.68,413.3,493.28,437.56,466.52,434.24,441.76,453.2,476.8
3,408.18,420.6,407.34,453.28,499.78,430.7,438.26,410.8,484.44,433.12,471.5,426.3,448.76,454.68,477.26
4,413.18,431.18,418.34,449.72,498.58,428.06,436.64,400.46,484.14,432.28,466.2,432.04,437.4,451.62,468.3
5,401.36,441.0,422.94,444.04,486.04,427.52,447.94,408.76,478.02,432.5,466.76,447.74,433.32,466.22,471.7
6,410.62,435.62,427.16,458.84,480.46,421.4,454.94,403.86,476.16,432.74,468.9,446.92,426.08,460.36,464.9
7,413.66,437.18,429.3,445.36,479.74,417.88,454.14,393.82,479.0,436.92,474.96,448.2,419.74,463.42,479.4
8,410.68,435.88,419.06,442.3,484.5,415.84,453.56,386.86,478.3,444.28,470.0,459.82,416.32,455.26,470.92
9,425.46,436.9,405.3,439.7,480.52,431.04,459.24,389.2,479.82,450.34,460.74,456.32,420.28,452.62,471.76
10,423.96,429.88,403.72,427.7,469.5,426.34,444.76,380.1,488.64,445.08,470.82,459.9,425.14,456.84,471.02
11,422.98,429.38,411.56,426.02,469.88,427.36,438.52,379.84,478.44,438.18,475.94,467.04,420.46,460.12,466.98
12,432.3,425.0,418.18,424.94,465.16,431.38,444.58,380.34,477.56,438.06,478.02,468.96,416.46,459.92,463.22
13,435.18,423.36,432.78,428.26,458.28,421.48,438.8,389.68,484.44,438.8,488.64,456.06,420.7,452.82,452.64
14,432.66,418.76,427.9,443.54,449.14,405.84,448.8,392.54,482.4,442.04,491.5,450.36,413.4,453.86,453.98
15,430.1,425.28,430.88,451.8,446.12,396.1,452.24,392.94,481.56,446.48,500.9,440.26,420.04,458.48,461.18
16,420.28,434.76,428.5,443.16,458.64,399.86,455.68,377.02,480.38,452.96,497.74,430.3,414.84,451.84,466.16
17,408.14,440.48,425.56,428.9,454.64,399.32,456.28,390.52,487.26,450.66,495.74,433.6,419.54,463.74,463.86
18,407.38,438.04,437.24,427.5,461.72,405.52,456.32,398.76,488.14,446.34,496.96,442.06,421.26,466.24,474.94
19,405.5,440.5,449.7,426.7,462.0,411.18,468.64,401.12,484.9,450.28,496.92,437.14,414.86,481.32,476.78
20,404.7,433.42,456.24,423.6,465.98,404.18,471.76,413.68,500.06,451.66,488.06,442.88,411.54,486.82,465.16
21,419.72,435.98,446.26,421.74,467.04,399.68,462.24,409.54,497.12,450.38,482.5,451.42,416.92,482.04,449.78
22,421.18,431.38,447.52,418.5,470.48,395.28,454.94,411.42,487.06,458.72,476.52,448.78,425.04,482.56,450.14
23,406.7,431.0,453.2,420.32,470.76,390.58,457.04,412.58,493.42,458.66,486.9,440.56,427.42,479.7,445.8
24,403.02,435.84,460.72,417.44,468.96,392.84,452.22,414.88,505.8,457.56,493.78,431.8,433.84,476.06,440.14
25,412.98,445.22,457.26,414.04,481.52,383.16,468.26,408.28,496.64,459.92,488.92,436.9,442.58,471.84,444.52
26,400.76,455.0,458.14,425.84,467.54,395.52,468.3,403.56,499.02,463.76,488.48,445.58,434.42,463.1,439.94
27,397.84,454.1,466.32,426.76,459.42,405.68,468.7,409.36,493.22,464.26,488.44,431.8,423.16,461.92,443.2
28,409.26,451.36,475.04,430.48,470.74,399.06,462.16,411.8,491.14,461.74,495.76,429.98,435.2,455.28,440.64
29,414.68,462.62,471.36,430.04,476.74,390.66,468.98,423.24,481.98,460.7,479.7,433.88,426.86,466.46,444.9
30,419.22,463.26,459.88,425.24,473.0,399.9,476.58,422.2,485.94,455.1,488.42,440.02,428.84,477.24,458.38
31,416.38,465.42,459.26,410.86,477.46,388.82,490.22,432.04,479.56,450.1,476.54,432.78,438.64,489.96,450.0
32,409.82,471.56,458.0,406.74,467.78,392.82,480.58,434.4,472.4,450.66,483.32,440.96,436.6,490.78,451.26
33,395.66,463.8,458.58,406.72,453.64,383.8,467.7,437.32,467.4,447.34,489.04,443.92,445.92,481.42,443.7
34,400.74,480.14,455.06,413.78,457.8,392.32,456.88,423.3,460.66,450.92,488.06,446.52,435.7,491.24,451.26
35,411.4,490.14,464.5,414.3,456.68,409.2,469.26,422.06,461.36,442.8,476.46,440.74,433.3,497.46,452.62
36,405.7,487.02,459.86,411.12,450.52,411.4,475.42,422.24,457.18,432.46,478.38,434.86,440.72,485.2,451.78
37,413.54,485.0,451.56,411.1,453.62,410.62,475.28,427.82,463.06,421.1,484.44,438.8,439.74,484.16,465.02
38,402.7,490.98,449.24,419.42,443.58,424.16,474.08,424.3,466.82,418.64,481.24,429.38,451.4,473.34,469.52
39,416.78,478.98,437.4,420.84,448.3,418.92,481.96,430.92,463.88,427.04,477.92,416.64,454.7,462.02,460.24
40,427.82,479.2,449.92,424.44,461.56,432.96,482.74,430.5,463.38,417.94,476.32,415.44,464.28,471.3,452.2
41,417.48,475.1,440.46,424.42,455.88,433.16,478.1,424.8,448.24,413.2,460.46,431.14,461.08,471.22,447.94
42,407.98,478.44,439.76,422.68,465.8,424.44,475.2,427.14,440.62,409.72,454.14,423.86,465.56,456.96,441.72
43,412.32,469.52,444.34,419.42,464.14,425.24,480.18,427.36,447.46,403.92,457.58,414.56,474.92,465.46,449.18
44,409.1,461.82,443.38,429.94,456.04,412.4,472.28,416.64,458.98,409.46,464.72,415.14,458.8,460.02,439.62
45,414.42,476.5,454.96,443.0,457.62,417.82,486.14,413.6,467.1,413.02,465.84,421.08,444.78,449.84,430.6
46,423.36,485.72,450.86,439.9,466.54,416.52,491.32,411.86,464.66,413.26,470.36,425.16,449.26,450.0,425.52
47,426.52,488.38,461.58,448.52,465.82,412.44,487.08,408.22,452.8,418.76,461.74,431.74,448.28,455.84,443.18
48,431.12,484.66,467.74,462.76,464.54,419.46,482.98,406.82,465.36,413.4,451.5,434.16,457.34,457.34,454.82
49,443.2,490.34,473.32,472.38,461.44,429.2,485.72,414.4,457.7,416.78,450.82,437.88,465.16,465.14,463.78
50,452.28,492.26,469.7,468.32,457.64,435.54,479.28,417.34,472.2,411.52,443.32,442.52,464.54,475.46,476.28
51,456.34,484.76,482.66,465.74,467.6,429.9,463.72,424.92,475.2,402.12,434.92,442.06,465.14,483.58,473.18
52,456.72,479.24,471.06,472.74,464.14,420.96,469.92,421.46,460.78,397.76,438.54,449.76,463.12,469.9,462.42
53,463.24,493.32,468.7,481.08,463.18,418.14,457.78,428.54,465.52,411.82,437.86,447.82,459.6,481.76,471.38
54,468.72,495.8,470.82,483.46,450.28,406.8,448.06,436.32,476.72,412.58,444.18,440.88,461.38,476.68,475.0
55,476.06,485.64,463.56,490.44,452.64,416.06,447.42,428.04,471.14,427.24,443.94,439.36,460.32,469.7,464.18
56,478.8,477.04,462.82,487.66,459.6,419.92,440.02,431.28,473.52,423.0,441.64,450.54,475.9,470.44,471.92
57,477.68,488.12,467.96,495.64,458.3,435.2,449.5,441.62,479.14,424.88,436.46,438.3,483.66,467.46,462.9
58,480.02,478.72,478.8,498.08,461.02,439.38,447.34,449.96,473.92,414.96,443.04,435.52,474.94,461.44,465.96
59,478.68,476.7,480.82,494.82,455.76,436.88,445.44,447.64,479.24,409.16,442.28,435.36,466.02,451.36,461.74
60,488.2,485.94,471.46,500.4,464.44,440.68,447.14,460.6,476.66,418.9,443.58,439.54,460.1,453.12,454.88
61,490.24,493.42,465.2,498.62,471.42,446.56,439.42,458.16,480.9,426.96,448.0,425.98,466.76,445.94,463.84
62,482.56,491.3,464.88,494.48,478.22,448.94,426.06,460.06,471.02,427.0,448.36,419.26,461.7,451.18,468.56
63,483.0,492.98,453.76,477.86,479.8,448.68,438.84,450.74,468.18,425.24,448.7,421.08,461.82,455.64,473.58
64,477.8,488.48,456.5,464.48,486.12,448.88,438.02,461.14,467.96,419.5,450.02,420.2,462.26,448.44,470.04
65,481.08,479.78,442.06,467.72,489.0,448.5,445.96,467.18,457.7,413.42,441.88,421.96,466.02,446.74,457.6
66,476.46,468.44,443.24,474.32,484.42,451.52,443.02,476.38,458.12,411.44,446.96,427.28,478.94,447.3,448.42
67,473.86,474.0,437.6,490.0,478.12,456.06,453.16,462.9,468.06,427.94,454.9,419.72,480.82,447.34,455.06
68,465.86,469.58,432.82,476.66,473.94,442.96,462.9,456.34,461.06,430.98,438.38,418.28,491.6,447.52,441.62
69,460.92,468.7,434.46,478.36,474.72,438.04,460.3,448.52,470.1,425.72,448.56,422.76,503.26,430.04,436.76
70,469.34,478.04,437.14,493.92,467.74,443.5,456.62,441.8,459.4,425.76,447.2,424.36,491.0,415.8,449.04
71,464.84,488.48,435.76,494.84,464.44,450.14,463.18,445.96,456.94,423.62,442.6,424.3,485.72,416.06,452.94
72,467.86,491.22,443.12,493.76,460.46,461.94,456.86,440.46,459.16,430.58,442.12,423.84,490.98,428.12,442.54
73,468.34,498.74,439.92,497.5,456.54,461.06,457.5,432.94,462.46,425.24,443.92,426.26,495.42,428.52,450.84
74,468.32,488.06,438.02,505.88,460.46,448.34,467.56,429.76,465.3,435.3,440.28,434.92,489.2,422.48,447.9
75,455.6,477.6,435.28,509.54,456.2,452.06,450.52,429.54,461.1,435.76,452.2,429.58,492.96,422.52,455.92
76,466.4,475.84,436.68,508.64,464.12,439.2,448.7,427.72,459.42,420.2,450.22,429.42,503.72,434.84,464.1
77,469.04,478.6,428.76,499.38,462.9,428.66,448.38,429.66,452.66,428.56,458.98,439.48,504.54,433.48,463.4
78,469.02,479.32,419.7,507.2,465.92,431.0,454.52,416.52,455.12,425.54,458.5,430.2,504.84,435.42,468.94
79,472.16,475.64,415.42,514.76,466.84,431.12,442.58,413.82,457.18,426.14,463.3,439.62,506.88,427.74,461.72
80,457.78,478.98,415.58,508.36,468.84,428.76,430.8,428.26,454.6,430.1,465.8,434.06,496.26,426.68,460.38
81,466.94,477.28,416.5,521.48,475.5,434.92,420.36,432.52,453.64,441.32,462.5,431.98,495.24,423.32,464.32
82,466.92,466.76,426.88,514.28,483.16,432.76,431.7,436.02,460.14,448.82,460.52,419.36,487.22,439.16,469.48
83,464.32,471.74,425.56,505.8,498.32,434.68,434.6,441.86,467.1,451.84,457.9,406.38,487.46,439.2,466.72
84,464.64,460.16,428.38,502.96,507.44,434.64,443.2,442.28,465.88,455.54,466.1,411.1,484.06,423.34,460.0
85,452.68,451.84,416.18,507.34,496.18,428.22,447.38,455.08,472.3,451.92,478.02,416.9,492.22,424.74,454.2
86,452.66,448.36,427.12,507.14,488.86,428.54,448.42,450.64,465.7,448.74,480.52,420.58,487.56,429.98,444.9
87,444.7,448.06,431.76,515.06,481.82,423.86,437.38,448.92,468.74,449.2,476.78,421.54,478.88,427.1,447.2
88,448.62,435.66,429.22,515.48,483.52,415.44,436.46,445.22,465.56,463.66,462.96,425.14,466.76,439.16,448.04
89,444.74,441.68,444.0,506.94,474.36,413.52,429.02,433.06,465.58,469.56,467.76,437.9,451.72,440.76,454.84
90,444.72,452.44,442.4,511.28,471.82,406.5,418.4,431.68,461.52,474.82,475.96,440.88,454.04,437.72,451.62
91,456.14,454.88,449.56,497.84,479.72,411.56,416.5,425.16,472.76,475.28,479.94,435.84,463.5,437.76,457.26
92,461.9,467.24,441.62,490.08,483.6,418.72,411.64,423.32,485.82,475.84,479.68,440.16,464.52,449.96,452.86
93,452.5,461.94,441.18,476.96,477.96,411.3,423.36,413.6,491.36,485.26,476.48,449.48,465.34,449.76,441.34
94,443.56,474.28,453.4,467.86,488.92,418.42,419.2,423.5,478.88,479.02,467.4,445.8,469.38,455.44,448.86
95,438.12,474.5,454.2,460.98,481.08,413.32,405.7,430.84,468.14,485.16,481.64,439.88,481.6,466.18,448.16
96,434.86,458.04,462.06,466.52,466.74,415.0,401.26,430.82,458.34,475.64,469.46,431.84,471.42,463.14,452.28
97,439.42,447.32,465.82,450.4,470.52,411.92,409.24,427.12,460.84,469.22,472.96,425.28,478.94,453.5,439.4
98,431.38,440.96,466.08,439.38,476.82,395.06,423.58,430.18,455.42,473.8,470.02,423.06,473.16,450.68,430.88
99,426.22,435.78,458.12,431.6,471.8,384.52,413.56,438.72,455.88,465.18,455.22,422.96,466.36,448.08,425.54
100,425.24,432.92,461.94,439.58,463.24,375.12,412.22,445.26,440.16,469.18,451.66,429.98,456.52,444.02,429.02
101,422.88,438.34,464.06,453.06,466.98,380.88,428.44,440.4,434.84,479.58,452.58,430.46,455.24,431.98,429.64
102,423.1,434.42,459.8,453.82,454.54,381.18,418.32,452.42,436.26,481.36,444.7,435.5,459.56,435.32,429.44
103,425.76,428.18,473.26,449.44,443.22,388.72,417.42,444.04,434.02,482.66,445.98,439.9,468.44,432.72,426.14
104,427.12,428.14,462.1,453.62,450.6,398.36,428.56,435.36,418.72,470.8,449.16,437.88,480.62,443.4,432.72
105,432.58,434.08,470.52,445.56,460.18,396.02,419.14,430.24,425.94,471.5,457.54,438.26,491.32,449.2,442.78
106,419.72,444.78,472.0,438.38,459.42,398.46,432.96,435.1,428.1,484.22,457.04,438.46,478.94,456.94,430.4
107,429.32,446.5,466.54,441.3,459.64,397.72,423.78,431.16,417.68,482.18,459.0,453.58,478.98,452.16,429.28
108,435.1,444.02,449.24,437.16,457.98,399.68,424.66,423.74,427.12,499.32,449.12,441.66,482.8,464.08,427.5
109,426.02,443.56,454.78,439.9,467.3,401.22,423.02,415.92,424.16,507.28,453.38,454.96,482.52,475.68,423.74
110,416.12,431.84,455.92,439.46,457.18,402.34,426.02,418.5,413.74,505.0,445.5,447.04,482.58,471.6,431.7
111,419.98,434.38,453.8,440.26,450.28,393.32,438.24,431.56,408.7,501.5,444.76,457.96,475.58,482.2,424.96
112,413.54,446.26,449.46,442.04,451.66,386.18,444.06,435.9,407.34,494.88,446.68,465.3,471.42,476.4,425.08
113,402.28,437.52,445.74,453.08,452.54,395.52,439.12,444.36,409.32,497.76,446.82,471.74,472.16,473.58,414.84
114,410.26,441.1,452.24,453.84,446.24,400.5,440.88,435.66,412.24,508.6,450.36,478.76,475.14,477.48,410.32
115,420.9,444.82,467.92,447.64,451.1,414.52,442.56,437.7,423.1,518.02,456.66,485.86,475.18,466.72,422.16
116,434.4,453.06,469.06,441.78,454.16,422.48,428.52,445.14,427.0,523.16,444.98,486.3,470.38,462.9,421.2
117,436.34,448.86,477.36,425.1,466.56,418.78,422.02,446.32,416.84,511.56,437.56,477.72,459.76,462.66,417.06
118,443.9,459.78,481.04,432.46,470.76,424.78,408.9,447.84,423.96,518.72,442.72,466.42,453.0,458.96,422.4
119,459.16,453.86,471.28,436.94,479.82,432.02,406.8,448.46,422.16,514.62,435.9,465.58,446.0,461.76,420.3
120,464.28,452.02,457.88,426.88,478.2,427.12,411.94,456.56,428.14,505.16,434.0,470.9,451.44,466.0,418.34
121,453.54,443.28,469.6,422.26,480.9,424.46,410.3,449.2,434.62,501.22,449.28,455.84,445.06,473.9,426.16
122,437.56,441.72,463.54,427.36,484.9,415.74,411.86,462.62,442.9,500.94,455.08,460.5,439.04,477.88,431.8
123,448.68,439.34,459.0,435.42,483.16,419.46,412.06,470.72,439.08,504.52,457.58,457.42,442.96,480.74,416.32
124,448.82,441.76,456.32,435.2,496.02,428.62,409.32,473.06,432.02,508.8,458.06,445.74,448.68,480.82,420.58
125,464.48,439.42,457.08,432.42,487.8,437.58,414.72,478.38,440.12,512.56,459.18,451.74,441.88,482.24,422.02
126,452.18,436.3,460.28,419.76,479.9,443.1,405.82,471.26,433.3,518.54,450.56,455.8,428.24,475.76,423.88
127,445.24,439.02,464.72,427.7,478.9,452.44,415.84,467.14,430.82,508.54,439.84,445.88,432.74,465.52,418.14
128,441.18,435.92,464.32,426.5,472.22,449.4,426.16,481.74,423.56,508.58,439.16,445.74,428.76,478.3,404.86
129,430.08,440.78,463.8,428.96,475.42,458.36,435.6,487.32,431.28,513.58,441.14,439.34,430.58,481.18,407.16
130,445.74,440.72,471.98,435.64,473.44,449.26,435.28,476.08,420.38,513.22,432.56,441.6,438.48,480.14,409.14
131,437.0,434.76,484.44,427.5,469.74,453.88,438.56,461.62,423.58,496.2,444.96,451.94,423.66,485.12,406.86
132,433.2,432.7,474.08,433.68,462.82,462.24,438.04,461.24,425.16,498.88,442.66,463.52,419.14,477.74,404.22
133,450.72,437.36,471.62,447.06,448.68,475.48,444.18,453.5,413.86,496.44,447.06,469.34,414.94,484.3,411.3
134,455.66,446.04,471.26,442.08,446.9,467.84,447.34,453.72,408.16,490.48,444.68,461.7,425.6,484.1,422.3
135,457.8,439.36,471.32,437.24,451.56,462.0,430.88,443.0,406.5,503.76,431.04,446.34,412.24,483.66,425.8
136,460.0,439.7,460.4,432.08,453.66,462.56,430.7,449.36,416.7,513.14,421.88,454.74,414.84,486.92,421.74
137,464.64,443.42,466.78,422.5,464.26,461.9,438.9,446.52,402.96,513.7,421.48,447.28,426.56,491.0,407.16
138,468.36,449.68,469.64,412.06,459.18,457.34,441.5,444.94,395.92,508.82,424.04,457.28,437.4,478.62,405.64
139,455.7,444.7,458.12,425.62,462.68,457.94,451.5,458.8,410.98,497.86,423.7,459.2,446.26,483.04,405.92
140,446.36,442.34,459.74,419.44,460.62,458.72,454.66,456.26,428.0,495.44,419.82,457.66,436.42,478.96,414.14
141,441.54,436.58,459.14,422.26,465.36,453.82,455.26,453.84,419.7,482.36,423.32,449.24,429.9,481.7,417.46
142,441.6,433.42,468.52,427.1,449.86,460.06,466.8,451.28,410.26,494.54,434.2,461.16,421.52,477.0,417.52
143,458.88,440.76,456.82,443.54,456.1,461.72,463.76,463.94,409.8,479.26,435.1,450.82,410.18,467.04,428.28
144,460.4,424.62,446.72,443.62,443.06,456.44,468.52,466.64,423.6,475.84,437.78,458.76,422.0,462.96,430.88
145,469.22,424.0,441.4,442.58,456.66,463.04,474.26,465.08,423.2,464.86,433.26,462.18,426.32,462.78,435.26
146,474.96,428.3,435.34,445.4,459.76,474.82,466.8,476.92,427.62,463.36,433.06,472.78,430.86,464.34,426.78
147,469.58,436.8,429.74,450.26,461.46,467.78,451.1,479.62,432.04,467.3,422.08,486.62,433.8,463.74,434.4
148,472.08,444.04,440.66,461.1,465.48,471.64,441.74,478.34,424.02,462.04,424.42,487.86,433.04,454.26,432.36
149,479.72,451.86,442.38,466.98,460.78,483.82,446.98,473.44,417.82,459.0,430.62,487.38,442.18,444.94,432.84
150,471.92,457.1,442.92,467.4,459.6,482.34,458.08,458.52,421.28,449.14,433.18,484.38,444.14,446.08,427.5
151,470.76,456.72,442.98,456.56,454.06,476.36,455.26,462.64,420.38,454.48,441.42,497.8,441.12,446.24,442.54
152,480.72,460.36,447.18,459.14,464.12,489.14,462.76,456.18,424.56,457.28,446.64,489.46,431.0,443.08,441.4
153,482.94,450.16,447.64,458.88,466.28,479.2,474.48,460.14,424.44,458.26,444.36,482.64,417.22,435.18,443.28
154,485.2,434.52,458.44,451.82,459.28,477.7,474.44,458.68,437.96,467.64,445.88,487.52,417.54,432.82,434.96
155,483.12,434.82,457.54,456.94,459.44,474.72,471.56,459.12,442.76,454.72,444.26,482.5,415.5,433.8,422.42
156,499.42,436.84,463.34,452.92,461.46,468.88,463.7,448.02,449.18,452.26,451.12,484.84,421.86,439.02,432.56
157,488.7,437.76,464.2,454.16,460.08,459.2,477.7,457.26,459.02,451.12,447.46,480.0,419.2,441.54,437.66
158,479.9,442.1,471.1,461.08,450.28,456.54,479.62,457.56,461.9,449.72,458.98,485.68,413.72,432.78,438.1
159,491.46,446.56,471.4,461.66,451.9,451.62,482.88,462.62,466.5,453.6,449.42,479.32,421.32,429.0,449.5
160,501.58,446.38,475.52,453.08,459.94,461.62,476.88,453.76,470.0,457.0,443.1,474.42,432.32,419.84,439.68
161,499.9,436.1,469.22,448.56,470.94,462.98,471.58,446.02,477.38,450.72,435.58,470.3,434.58,423.4,438.86
162,511.66,427.2,470.26,449.08,466.6,463.68,478.38,444.3,481.42,454.16,425.24,474.26,436.14,424.2,440.3
163,524.42,435.52,467.74,445.26,460.66,457.1,479.98,440.92,479.28,448.62,421.04,479.7,426.96,420.58,455.68
164,519.56,437.52,456.56,454.64,459.12,461.86,474.9,433.5,481.6,447.08,427.5,482.3,421.42,418.24,463.36
165,515.9,443.92,441.82,455.5,454.36,448.78,475.74,435.58,477.66,438.22,428.62,471.94,417.24,421.1,464.3
166,502.1,434.68,454.88,465.08,451.1,434.9,485.0,420.54,483.0,435.0,440.8,479.42,422.74,420.82,465.66
167,506.72,438.54,449.44,470.06,440.32,440.68,477.08,419.56,493.26,433.8,435.02,479.72,431.1,414.54,473.36
168,499.84,440.24,451.6,461.12,435.02,437.0,479.34,427.74,477.36,424.62,445.4,485.28,438.26,422.94,472.36
169,495.42,447.56,456.86,462.08,437.26,423.58,485.24,437.6,483.5,440.56,450.42,476.08,436.58,424.08,478.24
170,489.94,439.56,463.3,471.74,443.02,429.98,478.62,430.18,485.74,449.92,451.4,460.26,436.86,428.62,472.86
171,491.46,446.76,466.48,473.08,437.6,431.04,479.48,428.08,470.78,444.74,449.14,469.2,432.18,420.8,462.16
172,491.7,451.9,479.06,482.54,434.5,442.92,491.02,424.26,464.48,431.28,441.58,478.54,440.94,410.36,464.98
173,493.96,442.48,479.6,472.08,443.74,447.74,487.44,426.18,459.26,422.42,432.06,490.28,430.08,404.46,470.64
174,494.78,449.34,478.28,472.82,443.02,437.76,494.52,431.24,468.2,419.86,433.6,495.98,430.48,406.94,478.38
175,483.44,448.86,487.52,471.72,448.64,439.5,497.32,440.74,461.08,418.36,428.94,497.84,433.82,401.78,469.82
176,493.8,451.82,484.74,468.02,456.02,431.48,493.58,450.64,468.86,425.14,433.1,495.98,435.36,401.64,457.04
177,508.66,449.18,476.08,453.62,466.96,426.08,488.38,453.54,482.5,429.08,429.5,504.38,429.86,400.3,460.98
178,512.48,440.58,470.82,454.44,474.46,433.36,475.08,446.4,473.8,432.82,428.46,506.84,426.02,392.26,464.22
179,518.78,442.3,477.3,458.7,474.96,431.12,467.24,444.52,475.26,424.88,433.1,500.12,433.02,394.78,458.02
180,505.52,445.94,463.58,452.78,472.96,448.78,473.24,448.66,477.12,419.6,432.8,504.36,430.78,396.48,459.7
181,504.56,453.82,461.74,451.54,462.2,442.14,476.46,455.54,475.0,426.18,420.58,496.54,439.92,389.0,465.42
182,506.02,457.96,476.04,448.36,458.78,432.0,476.96,459.56,468.04,415.94,417.56,481.44,441.2,392.58,456.52
183,506.0,453.4,470.3,438.9,472.72,420.32,478.78,469.76,474.48,430.0,410.68,486.7,437.14,401.68,448.46
184,503.76,446.66,472.36,453.82,476.0,425.46,468.3,471.8,480.02,439.28,401.48,490.08,432.22,416.48,445.42
185,504.36,447.34,477.0,445.84,471.46,429.62,471.44,465.18,481.14,423.46,405.44,504.58,437.1,422.06,442.44
186,504.1,451.78,478.68,451.82,466.2,429.4,468.42,453.32,481.06,417.2,413.7,504.88,428.42,415.9,447.56
187,512.58,446.62,474.58,459.52,458.7,432.0,472.24,447.34,488.62,414.66,408.58,522.44,415.48,421.78,449.32
188,503.76,457.44,476.3,474.18,474.12,440.76,474.66,452.68,492.08,418.7,419.54,520.88,414.42,429.2,447.9
189,517.06,467.26,483.52,467.8,469.12,437.02,466.82,441.06,484.02,424.08,416.46,518.04,418.7,434.78,451.58
190,517.46,466.9,471.3,460.56,463.84,432.58,471.28,434.36,473.98,423.58,407.08,506.84,426.12,433.78,437.66
191,510.1,477.02,465.26,473.06,457.7,427.94,469.88,451.76,479.06,433.52,401.1,509.04,425.28,437.64,440.84
192,501.94,463.92,465.62,469.94,457.24,415.56,466.02,457.32,487.16,420.6,403.58,495.46,425.2,427.72,443.7
193,485.82,454.6,474.26,466.68,444.92,415.78,454.3,458.3,482.78,428.42,396.28,509.36,438.0,432.52,447.62
194,481.34,460.92,478.06,460.02,457.18,420.82,456.66,446.48,469.48,428.3,399.94,505.02,430.3,434.34,446.34
195,477.6,462.14,474.16,462.78,458.54,416.92,459.12,443.98,473.12,441.3,390.28,501.62,417.9,426.96,456.34
196,482.0,457.18,472.8,465.4,464.14,412.72,471.9,445.8,478.08,444.56,392.9,499.88,412.32,422.5,458.92
197,481.84,447.74,480.06,460.76,465.86,419.2,487.68,448.66,479.08,450.58,403.92,495.26,414.78,424.22,454.9
198,492.58,453.04,463.48,448.4,460.28,420.02,489.66,439.46,482.42,451.4,408.26,483.16,411.9,428.6,450.28
199,480.52,452.24,469.88,450.08,465.54,409.72,482.4,436.84,489.08,456.48,417.52,483.66,416.4,433.66,457.06
200,480.68,436.22,464.32,442.24,471.98,415.78,483.56,442.34,497.02,462.16,422.02,480.8,430.34,431.46,447.48
201,483.3,429.3,453.7,438.0,465.36,425.44,482.1,438.0,506.34,448.68,420.34,467.72,439.62,428.98,444.04
202,476.44,430.68,464.1,437.94,460.32,416.1,481.24,431.5,508.56,445.86,421.9,468.92,449.44,440.32,447.1
203,475.4,442.84,463.94,427.74,453.88,430.12,482.66,425.94,506.5,442.82,422.96,476.24,448.58,450.4,439.12
204,461.5,458.04,464.38,431.86,459.56,437.24,475.14,422.58,503.88,447.9,426.26,465.88,447.34,445.88,441.18
205,447.4,445.38,458.52,439.2,460.24,447.4,481.26,435.04,495.22,454.5,427.84,471.68,448.6,443.78,444.42
206,437.02,439.38,451.32,452.78,445.14,450.16,488.86,448.18,495.34,442.96,419.74,469.7,442.66,440.36,446.4
207,437.26,424.94,447.98,445.84,451.06,460.84,481.0,433.8,496.02,441.98,426.6,475.3,442.74,448.48,446.74
208,444.68,429.08,450.44,434.34,456.6,461.36,491.68,426.94,493.62,427.56,414.38,476.7,442.66,453.24,438.96
209,436.94,427.24,439.9,441.42,459.42,462.04,488.06,439.02,496.28,416.48,424.16,480.24,440.32,441.7,423.08
210,441.32,424.26,443.56,451.24,458.64,459.6,505.42,446.68,499.62,416.66,436.96,492.98,436.66,455.22,426.88
211,434.88,425.18,444.6,458.64,456.1,460.06,500.26,453.78,495.76,424.1,445.28,486.74,437.9,445.14,429.54
212,434.78,436.56,445.8,453.08,456.74,460.78,495.26,456.24,499.7,420.44,442.3,481.36,450.26,444.5,420.34
213,435.0,424.72,460.9,460.98,468.4,456.04,488.96,462.46,485.76,426.64,451.26,464.64,461.74,443.78,403.82
214,424.34,426.24,459.0,455.4,477.84,460.94,487.56,478.8,474.62,431.12,443.94,462.92,474.36,444.04,402.26
215,427.26,416.3,468.26,448.38,470.72,469.78,482.74,475.42,481.82,439.28,435.38,466.1,470.8,445.82,388.7
216,426.12,423.6,468.0,441.04,473.76,481.52,479.86,483.88,482.66,434.78,424.0,460.68,461.92,446.3,382.24
217,422.26,420.86,465.68,443.66,486.96,476.0,490.34,487.3,466.76,432.14,432.24,474.88,457.62,452.24,382.06
218,422.8,415.48,456.4,445.82,490.08,473.52,490.52,473.8,474.06,441.3,418.74,482.12,445.22,449.32,389.34
219,414.6,419.4,454.42,449.82,480.12,475.88,476.04,457.38,465.14,431.1,420.6,482.08,455.64,463.1,388.6
220,411.58,431.16,461.46,450.56,473.8,482.44,473.9,457.6,452.68,429.9,422.78,499.48,451.44,467.86,385.62
221,423.72,429.14,458.12,450.74,469.42,473.58,470.58,461.96,467.82,435.52,425.0,490.12,451.0,467.36,396.6
222,429.8,434.78,451.76,447.64,470.26,470.64,467.7,451.94,468.96,451.34,430.28,480.02,434.68,463.6,390.14
223,418.06,446.78,455.48,442.34,453.86,463.14,470.26,448.88,479.2,457.24,427.04,474.06,430.24,468.14,398.52
224,425.2,447.66,463.08,438.6,450.24,465.96,457.7,448.3,466.66,445.12,420.5,477.64,420.62,462.52,398.3
225,428.48,447.38,455.22,427.88,442.78,462.48,460.96,431.64,475.4,439.14,423.16,471.82,407.62,467.1,400.24
226,430.5,451.52,457.28,441.8,435.0,479.44,468.36,422.44,469.94,427.3,423.42,465.06,406.02,457.24,416.08
227,425.42,453.7,462.38,443.74,432.94,474.52,465.18,416.96,455.48,424.78,423.92,471.46,416.5,467.18,410.04
228,429.42,463.26,460.4,432.76,419.5,464.26,472.96,410.54,464.04,426.08,419.32,478.28,420.6,462.04,419.5
229,424.16,450.02,452.42,421.66,420.88,469.1,469.66,410.22,457.16,433.7,407.74,488.94,412.78,450.32,427.88
230,421.24,453.18,465.54,424.04,419.7,462.48,464.54,406.26,452.38,440.52,418.94,492.26,417.88,436.6,418.96
231,419.16,452.36,456.14,435.76,420.98,461.2,468.6,399.88,449.8,445.44,426.86,489.06,413.3,430.8,409.44
232,417.98,452.26,454.24,432.98,425.46,462.14,469.98,401.62,449.56,448.74,437.7,495.88,420.54,429.36,417.02
233,413.54,460.9,464.96,443.76,425.56,459.86,472.58,398.9,445.56,445.16,445.22,489.02,425.98,418.06,424.66
234,410.32,469.08,474.96,428.22,411.26,452.46,481.24,404.68,448.34,433.16,446.68,492.08,421.98,413.14,419.0
235,406.36,473.36,475.56,431.58,413.18,457.5,492.3,419.22,439.06,441.5,454.6,489.86,424.58,413.56,434.1
236,398.8,481.2,477.02,419.18,417.06,450.84,484.12,434.38,438.18,440.76,458.1,486.78,418.1,422.2,431.18
237,390.92,478.3,478.86,426.82,424.58,442.64,482.48,433.46,446.66,443.14,455.96,470.7,423.24,410.86,431.92
238,396.4,467.6,488.08,424.92,409.38,447.5,470.76,441.56,441.66,438.56,451.5,462.86,416.36,409.5,432.66
239,397.1,463.26,483.7,424.72,423.26,455.72,483.96,450.32,445.74,433.68,465.94,459.88,404.28,401.76,426.66
240,400.2,449.9,486.22,433.86,421.14,463.32,475.9,456.64,454.34,430.54,469.44,469.32,407.26,412.32,434.7
241,408.42,453.82,490.64,429.12,424.3,469.14,467.18,445.98,452.3,423.52,476.14,479.08,416.44,410.3,419.86
242,420.8,453.96,485.34,430.2,423.56,484.64,465.34,442.86,446.76,424.88,461.58,491.16,424.24,427.18,426.36
243,419.18,471.24,474.0,429.28,426.14,484.02,466.16,432.42,442.3,430.94,470.94,481.98,417.72,426.06,411.48
244,423.64,465.74,473.56,439.18,412.8,485.28,462.94,438.38,442.8,438.36,477.16,481.68,412.28,416.38,410.32
245,424.24,456.98,483.46,436.24,411.46,483.5,462.34,440.42,447.7,440.42,491.18,486.56,409.82,428.56,402.98
246,409.98,470.68,478.08,428.1,414.24,479.66,452.32,437.28,436.94,434.74,502.32,484.96,410.08,431.88,396.26
247,414.84,484.1,469.7,442.66,405.88,476.76,446.76,443.1,442.46,421.36,492.84,483.9,408.66,433.24,403.66
248,406.48,485.24,477.54,447.4,400.38,473.48,451.3,445.78,456.04,421.7,494.08,485.62,417.8,434.6,418.2
249,406.14,479.62,475.52,442.1,399.72,478.66,452.64,447.48,459.16,416.76,489.96,486.52,407.78,440.22,414.6
250,405.02,478.34,484.44,437.64,396.5,479.02,457.32,448.62,464.78,418.42,484.02,485.64,398.72,443.76,429.12
251,399.06,476.58,485.76,437.4,393.16,468.96,457.84,451.6,468.12,429.06,484.4,486.42,395.72,453.28,420.54
252,410.64,475.44,483.06,438.94,395.56,471.42,462.46,450.6,477.58,442.64,478.44,487.28,398.36,447.2,425.94
253,408.86,476.82,472.64,445.26,413.04,472.78,453.02,454.18,471.78,439.2,475.32,483.76,412.44,449.66,422.06
254,425.56,463.1,464.76,435.44,409.8,460.1,457.94,462.84,470.32,436.16,468.18,492.38,413.88,458.76,417.78
255,439.84,473.04,467.76,425.86,394.58,448.42,465.84,454.76,469.18,439.4,467.9,485.06,405.6,458.1,417.36
256,448.0,467.52,463.86,420.38,408.3,444.02,463.16,437.56,468.94,436.82,466.4,473.18,409.28,463.04,405.64
257,447.56,465.9,461.98,428.2,395.12,444.26,469.94,452.38,459.52,443.08,460.22,469.46,413.28,456.26,399.58
258,436.38,468.36,457.56,442.32,399.7,446.72,454.14,451.16,450.46,449.38,472.16,463.58,415.28,463.98,401.1
259,432.86,468.6,459.36,435.74,397.9,439.5,464.44,440.5,441.68,447.4,476.56,460.68,419.62,472.38,404.66
260,433.94,483.44,455.16,436.0,402.78,435.06,449.8,429.08,443.2,447.64,473.22,453.38,422.78,471.4,396.2
261,434.4,489.02,457.48,421.34,402.34,429.38,458.48,417.6,450.6,445.26,472.36,452.62,429.14,466.6,404.16
262,428.62,474.1,451.86,435.8,394.0,432.44,450.82,420.4,438.2,443.64,473.84,447.9,423.08,462.66,412.54
263,417.42,485.84,449.16,437.16,384.32,428.62,445.0,424.24,439.9,432.26,466.52,448.74,418.38,464.24,428.08
264,425.74,489.08,447.5,432.28,376.76,421.6,443.22,416.48,436.66,418.82,464.88,447.36,408.96,457.48,423.26
265,422.76,487.38,442.78,442.64,385.54,414.64,434.64,402.44,430.0,418.72,478.18,455.26,418.36,458.64,436.84
266,424.76,487.6,433.26,438.1,390.66,413.2,439.22,405.66,418.68,430.18,481.42,462.12,416.76,469.8,441.96
267,427.98,491.06,429.36,432.4,384.5,421.86,444.28,410.96,435.16,444.4,471.96,464.16,426.64,459.78,446.34
268,434.16,483.78,437.14,432.14,381.8,431.66,449.2,414.46,438.92,445.54,476.5,452.88,437.06,452.2,435.7
269,436.28,483.36,433.02,429.32,381.14,436.02,453.7,425.08,441.82,449.6,468.0,457.3,427.16,437.58,436.46
270,435.74,478.34,433.84,422.2,385.4,434.28,464.62,431.32,448.46,441.92,472.4,445.38,430.4,423.9,433.52
271,428.28,479.44,429.64,415.62,398.66,436.1,475.22,433.44,448.52,437.8,459.52,460.68,444.44,425.94,421.72
272,431.84,473.54,432.66,412.3,402.16,424.48,478.3,433.76,444.24,420.66,463.26,464.16,444.7,439.84,428.9
273,443.9,462.42,427.18,419.38,411.9,421.2,478.16,443.1,440.02,428.06,460.9,463.68,452.88,444.46,420.54
274,444.36,459.32,428.98,415.88,399.76,423.74,491.82,436.54,451.38,440.7,451.96,456.06,457.2,449.22,423.68
275,442.84,472.54,423.8,426.98,402.28,417.92,484.3,450.76,440.44,445.6,455.14,460.28,456.52,442.88,430.58
276,439.0,473.66,426.46,420.82,413.32,408.36,483.06,466.52,434.64,452.22,463.9,465.7,462.74,445.92,422.18
277,427.26,475.74,424.54,422.54,409.92,419.92,486.98,471.52,444.72,451.08,465.14,449.36,452.64,450.88,428.24
278,417.38,472.84,425.84,421.3,421.06,428.86,477.64,476.62,447.34,454.24,469.88,453.12,450.8,454.44,418.26
279,415.26,480.14,437.82,424.58,408.48,427.02,488.3,478.02,441.24,444.14,486.54,450.86,459.26,461.78,417.6
280,416.44,468.1,429.08,428.82,403.9,418.62,485.9,487.86,448.14,446.34,484.36,440.4,454.36,472.46,411.14
281,414.56,467.78,435.96,426.6,416.12,414.9,483.88,488.96,443.46,440.18,492.28,436.84,454.0,482.1,420.68
282,419.8,466.72,433.6,433.6,423.0,416.38,483.12,491.02,442.64,435.74,493.02,435.56,457.64,472.8,423.84
283,412.96,453.14,428.26,428.06,417.26,421.74,482.42,491.1,452.56,432.76,480.68,443.02,457.82,473.38,430.16
284,417.9,443.92,415.08,440.16,415.92,432.32,481.16,493.28,450.36,444.26,484.6,435.48,460.6,471.62,422.82
285,424.88,443.5,422.2,439.46,427.22,422.56,475.28,481.62,463.06,438.02,472.52,437.12,452.08,463.74,406.66
286,436.64,432.14,416.02,446.66,430.22,433.82,475.12,473.26,454.34,447.1,474.94,430.64,468.2,462.26,408.66
287,439.12,444.76,418.66,432.42,435.74,434.9,460.88,476.04,450.66,447.88,475.34,446.28,473.52,462.84,414.46
288,439.56,442.62,404.84,424.52,443.06,435.4,457.1,475.52,461.5,454.14,471.54,442.82,481.38,458.46,410.8
289,442.12,446.92,411.44,423.52,439.1,432.9,444.1,477.16,464.84,450.6,466.8,446.04,482.78,459.78,418.36
290,439.18,455.08,420.4,426.48,446.66,428.02,442.74,480.48,456.98,456.5,467.76,442.36,485.36,447.4,422.78
291,428.22,451.78,427.36,417.8,437.56,433.22,447.06,476.36,461.28,465.74,474.98,429.0,477.76,443.04,427.38
292,421.16,462.88,423.16,422.42,445.52,426.12,450.36,476.28,461.62,473.56,488.86,415.46,486.0,430.72,431.06
293,433.38,458.26,431.48,411.6,447.16,424.3,448.3,473.24,468.7,476.32,483.46,410.88,488.34,444.04,429.66
294,430.22,458.88,437.6,401.56,456.9,413.98,450.84,465.34,475.56,466.44,472.62,414.66,485.72,452.0,418.92
295,419.96,467.68,421.5,406.28,449.08,413.94,444.4,473.44,472.5,467.74,469.64,420.92,495.16,443.22,425.84
296,436.28,461.06,432.48,402.42,451.16,408.38,452.76,472.16,483.86,475.04,470.12,415.38,503.1,435.84,425.56
297,440.26,448.66,433.52,391.3,457.94,403.34,457.38,471.24,470.1,487.76,483.9,415.9,499.56,444.74,424.88
298,448.64,437.1,438.66,388.26,455.08,411.26,457.22,468.5,466.28,491.4,486.28,424.66,489.26,450.72,425.04
299,445.98,438.52,434.82,395.46,452.64,416.92,468.36,460.2,456.88,497.86,490.72,423.14,493.04,455.8,428.82
300,447.92,438.3,434.98,409.36,458.94,413.72,453.0,457.12,456.78,500.8,488.34,428.04,499.4,440.1,425.68
301,441.4,449.88,442.4,417.5,474.74,414.3,446.38,456.24,451.34,502.36,488.84,428.34,500.62,437.62,433.8
302,441.08,446.66,433.92,407.66,482.6,405.92,435.0,464.68,439.12,487.82,481.5,428.1,491.36,433.66,428.2
303,444.58,445.32,432.6,401.56,470.5,390.36,439.96,467.78,439.1,490.12,492.58,434.82,480.0,427.18,438.92
304,438.86,450.68,429.06,413.32,473.5,389.66,435.48,461.76,429.7,493.2,485.18,426.7,479.72,427.28,444.28
305,440.1,450.0,430.42,424.02,482.18,400.36,429.42,462.46,439.16,482.72,477.02,421.42,475.1,418.42,445.06
306,431.96,460.0,436.28,423.62,472.92,408.96,421.94,475.32,439.12,488.92,480.5,419.8,477.0,412.88,447.36
307,441.84,470.16,438.9,424.52,472.14,394.68,409.72,473.3,444.86,479.6,479.66,416.82,484.3,408.72,460.42
308,452.2,473.54,434.42,420.28,473.56,401.06,415.58,481.94,442.42,483.98,473.04,430.1,486.8,392.52,472.84
309,460.64,480.28,447.88,414.68,467.74,411.38,414.68,478.66,440.04,484.14,469.9,435.88,489.22,390.78,474.9
310,443.76,471.96,451.46,414.28,454.02,413.34,426.98,492.04,429.4,483.24,475.22,443.36,476.06,383.14,484.2
311,435.58,466.42,462.88,413.64,450.7,415.4,428.64,492.98,423.84,484.78,464.04,442.66,469.04,384.3,480.76
312,428.36,474.4,469.32,403.0,463.82,412.36,441.84,491.72,432.5,489.78,467.1,458.32,464.54,399.42,479.58
313,439.08,476.32,469.68,386.28,461.52,428.74,453.42,493.36,438.3,486.86,467.16,474.5,461.48,398.54,476.68
314,436.26,475.52,471.78,400.44,461.06,434.86,465.44,496.7,449.32,493.64,473.16,469.18,465.2,411.38,479.78
315,427.98,484.42,471.86,388.52,467.8,448.24,471.52,503.76,453.04,481.62,461.66,466.7,462.58,401.82,478.56
316,433.14,487.42,464.78,399.68,467.06,449.7,462.12,493.32,459.5,477.22,471.28,455.38,466.5,393.26,478.34
317,426.48,484.28,478.74,408.44,472.82,438.5,453.24,482.7,445.54,462.16,477.94,439.26,464.26,407.88,473.48
318,425.3,489.66,482.12,421.4,470.5,438.36,455.52,478.68,436.44,462.26,485.82,438.28,462.72,418.02,470.36
319,434.92,483.1,480.02,425.14,474.82,445.1,452.7,485.14,438.8,454.66,492.9,443.06,474.5,414.94,458.5
320,443.52,479.24,469.76,430.68,467.4,446.86,454.06,474.44,441.6,464.76,500.62,449.12,469.54,416.58,464.66
321,440.68,484.3,459.78,427.6,456.78,445.84,449.16,480.34,430.98,464.62,500.68,450.16,456.14,412.92,477.64
322,439.5,477.28,456.72,430.06,450.04,449.42,438.1,492.52,441.4,466.3,486.08,446.78,455.6,410.1,469.8
323,427.54,475.84,450.28,431.02,448.84,458.98,444.54,477.38,446.68,464.62,500.88,456.44,459.96,397.02,478.54
324,420.48,479.22,445.9,437.08,454.18,468.98,441.36,476.92,442.7,458.58,501.96,469.4,465.22,399.1,473.0
325,417.56,470.08,448.4,432.06,455.74,476.06,440.2,474.32,443.66,470.12,488.6,455.38,475.12,393.42,470.62
326,416.24,458.22,445.18,424.78,454.84,481.62,437.38,464.92,442.2,478.4,487.64,449.76,469.3,397.94,473.26
327,418.3,446.02,456.2,423.72,463.0,474.58,446.18,463.88,448.62,483.68,486.26,451.26,478.0,389.76,475.18
328,420.52,451.6,457.56,427.46,456.5,475.44,447.38,468.92,448.14,477.44,480.18,438.14,481.44,393.34,473.84
329,420.76,445.42,463.02,426.48,464.08,464.68,442.76,471.16,448.68,481.58,480.24,429.44,472.24,384.96,461.34
330,434.12,450.02,463.32,419.66,471.72,465.56,452.98,468.04,450.54,480.56,480.7,428.46,482.42,378.46,476.88
331,446.22,440.94,458.46,405.04,461.22,476.38,444.82,477.64,457.1,482.48,463.2,439.02,491.64,380.14,469.52
332,439.92,443.32,465.5,392.44,461.02,481.96,447.6,478.52,456.38,489.62,458.2,445.92,479.9,389.62,471.46
333,434.46,447.04,465.16,392.14,452.02,480.86,441.86,472.38,447.72,482.22,469.2,443.34,476.72,393.5,474.08
334,420.9,454.58,463.16,393.8,460.64,477.52,444.24,463.3,449.1,482.32,463.94,439.06,473.22,393.82,484.2
335,418.26,466.24,447.98,403.7,451.62,490.6,441.4,461.98,431.54,493.6,470.64,432.48,473.6,398.56,497.1
336,410.1,469.34,447.9,408.66,460.0,485.24,454.78,465.78,433.64,491.26,462.54,438.0,459.98,387.7,502.14
337,411.8,463.6,440.0,417.46,457.06,491.18,463.44,467.46,423.52,492.16,475.86,427.88,460.66,396.04,502.66
338,411.96,462.12,453.78,424.36,462.24,484.28,462.22,452.9,409.68,491.88,477.8,432.04,452.22,394.26,516.6
339,409.8,455.46,448.0,420.22,458.7,473.58,470.28,443.08,407.7,502.64,483.9,422.42,466.06,391.52,519.16
340,409.0,457.32,440.2,416.24,457.52,472.72,479.72,444.72,414.4,502.0,490.36,425.58,456.12,395.76,510.98
341,412.84,449.12,435.36,417.36,466.5,477.92,479.16,444.26,406.12,505.46,488.24,437.08,456.9,401.14,513.0
342,412.48,441.84,451.7,415.78,471.62,479.28,479.84,441.62,414.42,504.82,483.66,452.04,448.92,404.92,496.66
343,407.7,429.04,459.92,419.1,465.86,479.7,485.18,449.54,420.98,488.64,491.72,459.26,444.18,401.2,511.72
344,411.26,442.46,460.4,429.38,457.74,480.64,474.28,445.98,411.34,489.22,504.82,465.22,448.52,408.42,512.54
345,420.72,441.12,461.98,419.68,458.52,478.8,479.76,438.0,414.66,479.04,497.98,458.1,444.14,417.52,515.16
346,419.4,448.9,457.44,430.54,454.54,481.14,481.34,430.16,410.66,471.28,491.44,452.7,445.22,423.22,521.36
347,411.2,454.94,451.66,434.76,455.34,481.26,469.06,436.0,411.26,459.64,487.28,458.28,446.02,414.82,519.26
348,397.9,465.66,438.28,435.34,461.32,475.0,456.02,442.56,405.1,451.64,475.32,453.5,449.16,410.5,516.26
349,404.26,465.44,440.46,424.02,469.68,473.98,441.12,443.76,405.58,451.92,463.6,445.7,456.46,402.18,508.46
350,411.4,478.84,443.6,415.1,472.04,470.62,451.16,451.76,392.74,450.3,468.84,446.86,445.4,402.3,508.76
351,422.94,475.84,438.04,408.0,459.92,470.14,455.14,438.48,384.46,451.66,469.04,441.94,444.32,408.1,504.04
352,424.48,477.2,437.62,410.34,459.44,470.1,457.36,447.36,394.6,465.5,480.04,437.94,451.8,410.82,510.24
353,414.92,476.98,450.44,416.6,461.88,475.68,455.34,436.76,406.78,461.4,475.44,425.34,451.68,409.8,505.52
354,407.6,478.68,458.12,409.18,460.0,474.5,454.14,442.86,424.3,447.04,490.12,431.26,437.7,398.04,508.14
355,407.42,484.12,452.48,408.9,463.28,477.32,448.3,441.72,412.76,446.56,489.72,439.16,446.14,403.8,512.78
356,417.2,474.54,459.26,399.74,457.26,480.58,451.46,434.42,403.08,450.38,493.72,443.74,451.98,407.72,517.86
357,409.32,472.6,463.68,385.8,465.4,483.46,456.8,428.88,390.3,451.18,500.66,434.82,439.72,407.56,502.26
358,404.48,460.82,470.72,386.32,458.54,474.94,466.32,433.14,403.7,451.74,506.12,429.98,444.92,409.1,494.6
359,397.44,457.9,468.16,401.92,465.08,467.12,455.02,441.66,410.1,451.3,499.2,433.46,447.22,402.24,500.96
360,408.5,452.58,456.5,406.22,480.5,462.82,448.76,426.86,412.44,440.04,497.62,429.68,463.7,406.76,503.58
361,416.46,456.64,452.38,419.6,476.34,472.96,444.04,427.28,406.78,433.76,509.36,432.6,470.4,411.96,503.5
362,432.3,456.4,455.02,431.74,467.18,471.72,438.42,432.82,408.48,434.86,511.1,417.36,480.36,398.52,506.3
363,436.42,442.9,450.84,441.56,470.28,461.52,440.58,417.7,417.02,438.36,510.86,404.64,488.6,406.72,493.94
364,428.88,434.16,461.68,438.14,476.96,448.22,439.52,418.12,408.94,444.9,501.92,413.44,481.0,396.46,502.42
365,425.06,436.78,460.54,442.28,460.86,433.78,442.6,423.58,405.16,446.22,507.32,414.58,469.74,400.36,494.58
366,425.12,439.46,465.84,434.52,454.12,431.3,455.62,428.92,398.34,453.1,496.02,424.52,461.6,405.8,494.02
367,439.46,441.78,465.1,440.64,452.0,442.6,448.02,441.64,400.44,467.96,495.26,434.76,458.3,395.46,500.7
368,440.96,451.92,460.76,433.66,457.22,446.16,440.78,445.44,413.76,454.88,495.68,440.8,450.42,397.12,510.42
369,441.76,457.68,472.86,433.22,455.08,437.68,448.78,433.3,413.36,457.22,487.58,431.94,435.1,400.04,514.04
370,434.66,468.3,476.92,424.98,456.86,433.74,448.34,443.78,413.56,448.28,473.5,425.48,450.98,404.58,513.32
371,439.3,455.4,494.02,426.94,461.74,431.78,444.94,441.62,417.0,459.8,481.96,413.28,459.66,412.64,506.06
372,445.84,466.62,498.78,420.76,456.54,443.04,452.06,434.62,409.86,470.06,488.88,420.18,465.08,414.2,511.84
373,459.38,466.8,500.62,425.66,456.56,445.74,442.76,439.48,403.02,467.96,479.98,421.08,457.82,419.08,497.76
374,457.74,452.36,503.36,423.6,456.48,441.82,436.5,435.84,394.4,469.56,488.8,411.66,452.08,426.0,495.64
375,462.26,449.22,501.22,430.12,454.18,429.4,441.4,434.02,406.14,461.02,500.24,416.96,444.44,432.94,488.48
376,464.54,457.62,487.82,435.88,442.88,429.08,452.84,442.86,416.3,451.42,500.86,409.5,447.24,439.78,491.0
377,474.9,458.14,476.02,431.22,434.06,439.84,441.92,434.86,407.28,441.64,502.6,416.92,439.86,430.46,488.32
378,470.46,461.02,487.64,430.38,429.02,436.6,452.78,422.94,413.42,445.42,501.72,422.08,434.86,436.22,487.28
379,480.66,467.58,479.88,440.54,426.98,448.28,453.78,408.64,424.78,453.84,485.28,429.52,436.92,450.8,492.48
380,476.84,467.1,480.38,438.54,428.6,456.02,458.74,413.1,426.7,450.98,489.28,436.5,424.42,452.06,480.42
381,474.42,476.04,492.26,451.3,433.26,457.9,463.14,404.62,425.7,450.9,503.6,431.42,418.88,454.24,475.86
382,483.2,483.64,474.92,460.32,422.54,454.52,464.06,400.16,431.24,449.66,500.96,422.98,429.84,449.62,464.96
383,494.16,480.72,473.24,454.18,424.14,451.54,461.7,403.44,426.94,461.34,498.46,420.26,431.12,453.64,451.8
384,498.18,473.32,479.7,453.72,422.22,451.6,464.0,410.78,426.46,450.32,494.36,424.58,444.7,450.6,452.22
385,493.1,465.74,492.78,455.44,416.46,445.94,472.5,409.6,435.42,441.06,490.62,425.26,456.58,455.44,449.98
386,495.7,462.32,508.38,452.88,408.74,452.98,459.0,414.18,439.14,443.8,500.16,414.0,470.62,458.28,453.96
387,499.54,453.3,500.7,453.9,408.12,445.78,454.46,411.8,448.48,446.9,488.82,420.08,465.12,462.22,460.14
388,507.86,461.06,490.94,450.1,405.62,450.14,458.74,419.78,453.18,435.58,492.58,417.68,469.2,470.08,454.24
389,502.22,468.58,496.38,447.8,400.24,454.34,463.98,426.72,454.88,429.28,489.96,423.38,467.18,470.46,454.1
390,494.12,464.34,500.62,442.88,399.86,457.92,464.16,428.18,453.44,434.32,478.56,419.8,474.32,473.48,453.32
391,501.32,471.38,498.18,454.2,392.02,453.14,472.5,437.0,454.08,432.06,468.42,411.46,470.58,478.32,464.14
392,506.3,485.16,498.3,452.32,390.06,445.12,468.26,433.32,452.82,430.92,464.54,396.54,477.56,485.82,472.82
393,503.74,500.62,496.9,458.82,402.4,455.8,478.62,431.88,443.06,434.06,449.24,394.58,471.94,484.06,471.2
394,508.32,497.22,484.66,450.96,416.88,458.56,490.0,434.22,460.86,440.32,439.22,390.68,473.72,474.74,479.4
395,512.8,486.8,487.88,452.2,414.8,458.62,486.02,429.88,456.68,444.76,447.82,399.84,483.02,462.64,466.68
396,505.22,484.16,478.6,438.68,402.34,454.56,472.52,426.8,452.22,446.1,441.32,408.26,476.82,454.18,456.74
397,512.44,477.32,486.44,446.9,394.1,468.46,473.36,416.6,465.06,443.84,439.44,401.68,476.14,457.14,452.64
398,510.84,469.1,490.12,448.44,399.38,467.78,474.82,417.7,474.24,453.4,449.16,402.24,480.16,461.68,446.68
399,512.08,464.58,488.92,450.48,401.9,459.18,482.22,422.76,481.62,452.3,447.2,403.08,470.52,466.06,454.12
400,510.84,460.3,479.46,458.64,405.04,466.14,484.5,425.16,489.36,444.8,455.68,401.96,480.88,467.12,456.72
401,504.32,462.58,480.82,457.28,401.64,474.2,481.38,440.14,504.04,442.32,450.8,410.7,472.64,466.56,460.56
402,493.74,459.84,478.22,456.06,390.68,484.26,485.02,435.32,491.16,432.14,446.72,414.0,460.5,462.7,451.52
403,500.06,456.8,469.82,450.74,399.04,488.12,491.18,448.46,491.36,440.3,451.62,423.18,470.38,470.12,443.36
404,501.96,458.4,475.84,445.54,410.66,496.46,488.96,451.18,479.14,455.14,444.64,416.14,483.94,481.9,434.56
405,494.86,444.64,471.98,445.46,405.92,495.88,499.8,449.38,490.46,467.14,454.3,411.14,474.64,486.12,439.9
406,493.72,443.7,461.4,455.3,408.96,482.04,493.5,459.32,494.48,457.48,446.32,413.68,462.12,482.82,442.28
407,493.56,448.86,465.48,458.42,417.62,480.62,488.46,451.2,497.9,454.78,438.26,426.68,469.98,495.68,456.98
408,499.98,447.12,466.22,460.6,418.9,482.36,476.08,449.4,482.94,445.94,433.26,423.84,473.12,503.74,457.54
409,501.58,444.68,461.68,446.54,409.5,483.36,481.9,451.28,480.22,459.44,435.84,409.02,466.82,507.7,462.54
410,499.46,449.9,460.14,439.26,404.82,489.3,483.82,460.7,489.3,465.36,439.78,405.94,459.62,507.58,455.3
411,496.2,453.82,459.16,442.72,409.44,477.58,477.7,465.2,492.64,472.7,429.02,407.48,462.76,501.44,447.3
412,496.3,460.14,444.8,439.38,414.54,475.58,482.46,455.2,482.0,465.14,435.82,413.1,448.74,504.0,442.32
413,493.26,462.72,449.48,438.7,419.52,481.14,476.58,454.82,472.34,469.5,438.66,411.16,434.64,493.9,450.8
414,496.92,465.68,450.52,443.3,419.64,483.18,467.9,447.08,469.1,457.22,450.24,400.74,439.2,501.24,435.8
415,503.22,455.64,457.98,455.64,424.04,496.0,461.06,435.82,462.26,454.0,456.18,401.0,454.4,497.98,444.2
416,502.16,452.1,463.88,456.32,422.94,485.38,447.78,444.6,468.0,440.88,453.88,394.7,469.24,493.98,441.84
417,489.08,451.98,464.44,439.94,418.26,482.18,459.38,440.7,463.92,441.18,451.74,396.82,474.48,503.18,432.6
418,482.7,438.0,461.1,448.48,418.68,482.66,466.02,443.38,454.2,445.08,442.42,406.1,487.52,492.72,425.2
419,475.54,426.26,446.86,443.48,427.04,483.38,468.88,443.02,460.1,454.9,444.62,407.04,502.36,492.8,431.88
420,479.98,428.76,444.48,447.26,429.22,488.28,457.66,442.76,464.68,455.06,450.52,404.64,488.94,502.18,440.76
421,475.44,427.6,439.72,447.18,434.22,497.44,469.86,433.62,466.4,453.56,440.1,409.98,482.04,493.5,438.9
422,469.38,423.94,440.84,443.08,434.52,490.06,474.28,427.0,465.22,445.28,437.24,401.32,485.56,482.5,439.8
423,461.68,430.34,441.28,436.3,434.04,493.16,477.06,427.9,472.46,449.84,442.12,386.6,489.86,486.5,454.3
424,472.88,444.44,435.88,434.06,431.52,491.18,487.56,426.46,475.82,445.9,447.5,394.94,483.64,474.36,461.6
425,473.08,459.9,441.44,421.62,437.06,505.86,480.14,421.22,463.22,446.96,444.02,392.56,485.2,476.1,467.02
426,478.12,450.44,458.48,430.98,448.38,494.32,470.5,417.8,461.44,447.0,432.4,409.72,481.64,469.0,457.24
427,471.52,448.82,457.8,447.2,449.76,491.38,467.32,425.22,462.6,456.2,444.02,417.6,474.3,482.82,459.06
428,481.86,442.42,457.98,446.5,449.38,494.38,467.44,435.96,447.52,456.3,460.18,415.42,477.04,467.82,458.38
429,474.98,433.04,458.14,445.78,449.02,483.76,463.34,440.76,438.94,453.62,466.94,424.06,475.26,465.74,452.9
430,476.12,433.28,454.08,451.06,440.26,474.06,451.94,432.14,430.8,447.0,455.84,422.66,481.26,467.4,460.24
431,477.72,431.3,439.68,453.42,445.48,469.36,447.84,429.88,428.82,440.38,452.26,418.5,487.0,469.76,467.16
432,468.28,425.6,443.98,455.68,446.02,468.26,448.16,429.16,438.44,444.74,455.34,426.28,473.72,471.7,480.1
433,466.6,440.78,446.4,469.9,443.22,466.28,447.78,432.66,455.6,435.72,448.88,436.86,468.96,462.7,479.26
434,478.24,439.12,440.12,472.94,439.8,458.7,448.54,438.32,459.66,444.34,456.12,434.18,463.24,458.84,480.94
435,480.76,430.84,436.92,469.5,443.44,465.08,448.62,450.02,455.78,449.24,461.36,427.22,455.5,451.26,472.74
436,491.66,433.64,431.58,459.52,437.6,463.08,453.62,444.24,448.78,437.18,447.5,440.1,456.12,450.36,460.62
437,492.3,444.32,440.14,450.74,431.18,466.34,457.44,455.96,443.72,428.38,448.76,430.22,455.52,436.34,447.64
438,484.04,439.52,437.5,442.2,426.54,456.62,454.16,457.38,438.86,424.64,438.88,442.24,451.18,439.52,455.94
439,488.32,429.74,431.9,446.72,431.04,464.9,441.58,455.66,429.92,419.64,437.38,449.56,438.68,438.16,448.04
440,504.96,435.2,424.2,457.9,429.2,471.44,437.32,449.26,421.56,424.3,435.66,445.28,428.02,443.48,450.64
441,504.78,434.72,427.98,446.94,441.02,476.58,440.62,439.36,432.8,415.28,436.84,445.82,423.26,436.12,442.6
442,507.5,432.02,419.68,446.68,431.46,480.62,448.5,439.32,427.42,410.72,437.64,461.06,409.08,436.38,450.34
443,514.06,418.42,411.38,441.54,432.92,466.76,448.96,434.92,429.52,410.22,453.6,457.92,416.92,432.1,453.46
444,508.78,408.64,415.64,449.98,425.58,476.9,441.6,438.52,425.5,400.78,460.72,460.0,410.64,436.14,449.96
445,507.1,416.4,417.84,449.66,433.68,474.84,436.34,447.16,421.18,404.88,448.34,460.24,404.42,435.98,453.02
446,513.82,414.82,429.14,463.52,449.8,477.26,438.98,447.76,420.36,402.86,444.0,460.72,398.52,450.48,456.84
447,507.54,429.48,432.24,464.22,456.78,464.04,451.44,441.84,406.24,403.64,447.14,453.96,399.14,456.46,452.76
448,510.24,439.96,428.74,474.58,462.58,475.68,464.04,439.94,399.52,402.6,444.38,453.04,399.8,446.26,463.0
449,510.66,439.1,438.2,479.2,449.0,477.44,462.46,436.26,404.24,393.58,455.0,453.28,395.18,447.3,468.46
450,507.3,438.5,446.16,469.2,450.84,476.3,459.92,424.68,399.46,398.32,446.06,450.46,391.56,454.08,458.3
451,517.46,433.06,447.3,483.46,463.16,472.62,461.8,420.64,385.68,394.82,439.76,454.9,399.26,444.4,461.34
452,515.8,434.68,460.34,492.0,470.92,473.52,465.46,417.82,390.54,402.88,444.24,461.7,406.46,453.7,469.76
453,502.6,438.22,470.18,504.08,459.28,474.78,462.34,407.12,390.0,394.34,433.54,455.1,408.66,449.0,479.5
454,504.8,439.98,467.0,506.02,450.42,470.66,461.34,407.38,387.94,382.42,441.74,460.86,400.98,450.6,480.3
455,501.22,439.38,462.62,498.46,453.14,460.6,448.5,420.12,383.58,386.4,436.56,466.3,413.74,437.64,473.22
456,488.76,454.64,457.72,494.98,464.1,458.42,447.86,416.56,378.5,386.6,447.22,473.82,425.84,433.12,463.44
457,500.48,445.14,445.12,500.4,454.56,460.88,449.8,430.48,388.46,401.06,461.24,473.44,416.38,422.98,451.6
458,495.6,442.22,439.5,504.78,448.96,468.48,452.18,433.96,405.48,398.96,453.26,471.96,415.34,425.38,458.02
459,487.66,441.72,430.74,508.96,456.56,471.04,458.38,434.78,396.66,390.2,449.24,476.74,412.18,423.92,449.56
460,484.44,443.7,445.88,509.32,452.94,461.36,464.38,432.94,385.62,392.8,441.2,476.5,405.44,420.26,444.86
461,490.5,450.16,437.74,503.78,447.14,465.98,474.6,424.8,383.96,390.86,435.14,469.52,392.8,431.82,450.84
462,485.2,436.88,442.76,498.42,444.82,478.48,460.3,425.84,392.06,400.06,434.4,478.48,400.64,436.12,457.52
463,470.82,442.44,437.94,501.38,437.72,470.28,466.54,436.9,402.46,395.56,433.42,487.44,413.92,448.78,449.84
464,468.88,444.32,428.44,499.36,438.44,478.62,459.46,444.44,401.86,406.46,419.84,502.4,413.0,451.58,454.36
465,465.1,451.24,418.48,493.06,445.4,469.88,473.62,451.98,414.92,408.92,414.52,504.44,414.48,463.28,440.5
466,471.68,445.32,416.68,484.7,441.84,471.14,488.18,444.8,417.16,417.82,425.2,495.42,407.86,466.54,440.28
467,479.3,438.78,408.82,497.78,447.44,475.3,476.72,434.46,419.24,408.16,422.16,486.4,392.32,463.16,433.98
468,481.64,450.74,405.28,480.62,441.34,470.52,471.64,437.04,415.56,406.62,425.96,486.22,383.16,475.44,433.0
469,480.72,450.4,418.4,485.56,430.96,474.58,466.64,447.34,409.5,397.54,422.06,489.68,383.7,487.1,432.1
470,471.24,439.9,424.92,487.32,437.4,474.94,478.8,448.6,394.66,402.02,424.32,498.64,391.4,472.06,433.46
471,473.66,447.18,425.64,499.2,435.84,464.34,467.34,449.16,385.58,387.86,428.14,489.62,399.66,488.54,438.28
472,471.66,439.32,422.28,498.68,452.9,474.1,466.34,448.84,385.28,390.98,428.28,486.36,397.48,490.44,430.28
473,477.94,431.64,433.82,499.96,460.76,465.88,473.44,457.56,380.96,379.72,430.3,487.72,401.06,491.5,420.68
474,480.04,420.62,435.32,501.58,463.12,472.38,463.04,456.76,388.98,381.28,421.88,478.7,413.7,497.44,411.24
475,479.86,421.72,431.5,513.98,455.68,458.86,472.34,468.3,386.72,389.98,416.98,487.66,427.4,494.28,416.56
476,481.9,433.76,415.66,507.32,458.42,457.6,474.68,471.12,392.5,395.94,423.04,482.0,433.3,500.56,427.86
477,484.12,435.82,413.34,505.0,457.34,451.86,477.26,466.2,389.84,389.26,409.18,479.76,435.86,503.08,435.66
478,477.92,431.7,409.06,511.94,466.56,454.62,471.8,465.14,403.78,384.22,399.0,488.72,431.12,511.28,434.84
479,484.82,443.4,414.58,505.46,472.34,466.2,469.18,472.74,415.08,379.28,395.62,479.7,441.26,504.3,446.04
480,489.04,447.98,421.28,516.78,468.56,467.94,471.86,469.48,423.32,389.14,391.04,480.42,439.74,505.76,446.96
481,480.62,443.96,419.26,502.54,458.44,465.34,482.56,481.66,429.78,403.44,387.82,478.26,438.22,493.78,448.08
482,481.62,447.42,421.32,503.7,455.12,461.74,481.52,476.1,427.64,395.8,379.52,473.56,453.36,485.12,446.8
483,483.32,434.56,421.84,489.44,456.78,462.78,489.4,467.94,412.18,401.32,385.84,471.74,460.94,487.08,458.08
484,471.56,437.82,421.08,488.8,459.12,462.06,472.42,464.0,408.52,394.06,380.46,481.2,463.16,491.62,445.48
485,467.58,440.48,426.08,481.18,464.1,461.24,474.66,452.48,413.82,402.1,374.86,491.24,459.08,489.84,454.98
486,459.62,445.06,416.98,496.58,466.48,454.08,467.32,443.58,413.62,409.06,380.0,491.66,458.18,491.74,451.96
487,459.0,445.62,421.66,494.72,467.9,451.04,462.84,442.98,415.62,410.32,376.06,494.42,469.98,492.66,459.42
488,465.94,448.5,431.64,505.54,471.46,449.5,471.18,436.58,423.94,411.14,391.62,485.48,481.64,484.28,448.96
489,470.28,447.26,425.7,503.76,480.94,445.24,475.66,445.24,426.66,425.02,395.84,473.34,485.54,484.56,455.32
490,456.6,440.68,428.74,496.9,476.34,429.88,480.02,454.66,427.82,415.58,399.6,469.16,482.24,477.54,460.18
491,456.8,438.1,420.26,507.82,476.12,422.6,470.52,453.62,414.16,426.58,405.92,470.42,488.02,484.38,451.38
492,444.58,439.6,416.4,508.7,476.86,415.3,467.88,461.0,419.52,429.56,414.88,457.34,504.14,476.84,447.96
493,444.5,441.3,425.02,510.7,461.56,421.88,451.2,462.32,416.38,439.26,411.3,465.44,495.72,474.46,434.24
494,448.7,456.0,433.06,498.36,452.76,413.58,448.64,463.3,402.58,447.24,415.94,459.72,508.3,468.5,440.56
495,447.7,455.76,425.82,504.18,438.7,419.46,463.92,457.42,400.34,435.9,417.08,456.72,503.42,465.02,443.54
496,443.38,457.22,420.68,497.76,432.94,420.6,467.74,468.1,396.18,443.48,418.48,462.52,507.22,447.4,447.84
497,454.2,447.26,409.82,492.94,442.0,420.84,460.34,469.76,400.94,455.92,409.96,465.0,510.14,431.86,457.02
498,460.38,445.06,425.74,493.56,428.66,410.92,455.38,478.98,408.58,454.8,404.4,471.98,511.74,432.5,450.12
499,460.7,451.22,423.68,500.2,443.04,415.24,453.12,489.28,401.06,462.02,402.4,482.1,515.36,428.8,446.54
500,450.72,459.84,421.68,498.38,425.86,408.32,447.2,499.36,399.68,468.06,411.36,485.64,512.38,426.88,454.66
501,445.92,452.02,426.26,492.96,413.42,412.28,445.66,501.58,406.26,470.34,412.5,475.98,511.52,424.34,442.0
502,448.48,453.98,415.88,481.52,405.68,407.88,445.58,504.44,400.54,467.9,414.14,464.72,519.6,427.14,437.76
503,448.76,443.18,409.92,483.74,401.66,409.34,436.14,510.1,396.44,474.84,416.78,472.74,514.86,429.82,435.2
504,448.86,445.32,399.68,492.98,407.52,404.7,442.06,513.44,406.82,481.22,413.9,465.12,517.9,418.58,439.42
505,447.62,445.02,410.4,502.78,398.0,403.98,449.96,513.3,412.78,464.28,411.96,470.98,504.64,432.34,446.52
506,453.36,441.1,420.24,504.14,387.06,413.84,457.52,505.06,410.14,475.52,402.74,467.24,490.44,437.84,446.88
507,451.42,451.32,418.4,502.6,396.5,410.2,467.4,493.86,406.96,465.2,403.44,468.74,494.74,450.48,455.44
508,456.58,463.76,415.88,497.48,399.78,408.6,471.96,493.46,401.22,471.92,412.4,476.34,489.58,448.18,445.44
509,468.8,468.16,428.84,505.18,395.44,407.84,465.92,488.48,406.16,477.28,414.52,469.74,497.34,445.94,453.92
510,472.24,465.34,414.7,511.12,399.08,412.58,453.32,490.36,408.1,472.96,420.96,464.18,496.58,442.68,462.34
511,463.6,464.96,412.42,506.9,397.32,405.88,452.42,499.9,416.8,481.4,433.94,480.82,505.78,431.56,452.44
512,456.28,476.52,413.4,506.8,395.3,404.62,453.72,500.44,418.74,472.58,430.12,465.96,496.9,430.5,449.5
513,472.88,467.44,413.62,496.64,399.82,401.44,444.58,492.1,404.68,472.44,428.04,464.1,498.34,429.44,457.2
514,478.46,462.66,421.84,488.0,399.12,397.2,451.46,483.18,415.92,468.18,438.78,463.64,493.94,424.32,465.36
515,484.22,463.72,422.46,479.06,387.48,401.54,439.92,477.0,410.84,476.22,430.72,454.56,487.9,412.2,480.14
516,479.7,461.78,421.9,487.14,397.18,412.36,427.5,472.86,407.44,481.16,422.6,462.6,480.14,408.22,478.64
517,469.46,468.24,418.6,475.74,392.44,396.82,431.92,487.68,404.78,483.08,421.94,473.62,482.14,408.2,484.96
518,477.76,470.96,425.54,485.94,398.56,397.18,430.54,485.14,418.84,483.2,423.8,458.4,484.1,405.78,499.72
519,481.34,477.98,419.9,477.0,400.94,402.88,431.82,483.58,410.66,476.58,429.68,463.4,470.52,391.04,493.72
520,481.58,471.54,420.5,464.84,396.0,395.26,424.72,485.02,424.22,475.26,424.06,465.92,477.08,401.68,480.9
521,479.88,472.2,413.68,454.6,391.96,407.52,420.14,485.82,437.9,477.06,421.98,471.7,469.52,402.34,476.1
522,474.8,474.42,406.08,455.72,376.46,397.24,410.4,499.66,443.8,481.42,423.78,471.36,463.86,398.7,485.5
523,468.66,482.62,392.34,450.2,377.04,396.84,409.64,486.96,448.34,487.42,416.06,474.58,459.48,394.74,491.08
524,468.9,485.34,388.8,454.24,378.6,384.8,413.76,496.46,439.06,496.82,422.18,484.06,447.8,388.44,486.72
525,466.68,483.36,397.56,448.76,393.56,380.62,410.14,488.1,453.52,478.92,431.86,471.34,434.76,392.38,476.84
526,464.6,476.06,404.12,454.18,397.14,388.48,402.94,475.22,436.82,480.7,439.92,475.46,436.82,389.18,478.72
527,466.78,480.08,406.08,442.3,405.02,381.66,407.64,466.9,446.16,478.12,456.62,470.28,440.24,385.52,477.02
528,461.9,474.02,407.34,441.62,401.26,378.6,403.0,464.38,436.48,479.02,455.48,472.86,441.66,392.18,491.84
529,449.08,462.82,394.1,440.52,397.92,381.48,416.16,453.1,423.4,475.92,456.62,481.48,437.16,396.16,487.96
530,445.12,458.44,398.4,441.12,414.28,380.56,424.1,460.12,422.78,470.02,467.56,491.18,430.98,386.14,476.62
531,452.78,461.94,413.06,447.38,415.76,380.68,415.32,456.26,417.6,455.12,460.58,495.52,430.34,383.9,480.78
532,465.62,456.86,423.98,443.42,431.48,390.36,405.96,460.28,408.1,458.22,469.32,491.5,425.54,389.06,474.54
533,467.6,467.7,425.68,456.44,429.56,395.86,401.8,465.12,412.38,460.1,475.78,480.5,417.52,394.5,473.66
534,468.3,477.18,441.98,451.82,423.84,403.48,408.02,457.34,404.9,460.6,476.64,468.58,409.62,387.78,481.68
535,472.14,477.74,427.22,452.76,420.64,386.4,399.24,463.42,404.28,449.18,474.68,471.42,414.84,381.72,476.32
536,466.28,470.42,431.78,449.46,424.96,382.74,399.02,476.18,414.3,454.36,469.72,468.68,407.28,379.46,489.12
537,459.16,470.46,435.56,463.42,425.3,379.24,402.14,473.3,408.64,469.62,466.88,475.66,403.76,388.08,493.7
538,454.08,463.38,421.66,458.26,424.94,384.7,400.96,470.2,404.36,470.84,461.94,484.9,402.0,395.22,503.26
539,446.44,470.84,433.24,463.68,425.52,390.74,403.94,464.98,399.32,466.8,451.36,490.36,412.76,392.46,489.2
540,445.94,474.9,431.8,455.44,429.02,405.52,407.62,457.68,395.88,467.66,459.44,496.24,425.36,402.04,485.14
541,443.58,473.06,436.36,449.5,423.14,408.84,405.34,466.12,405.24,453.5,449.34,492.5,431.5,389.8,498.8
542,439.5,472.08,435.6,447.56,431.46,414.5,408.68,474.54,398.72,446.38,446.72,490.22,426.02,395.02,491.72
543,428.42,480.34,430.78,449.72,431.9,417.82,414.76,473.02,405.5,449.86,443.26,480.02,441.12,400.42,500.96
544,431.92,473.54,416.98,454.98,438.12,428.42,429.7,476.64,411.9,442.78,440.98,488.52,440.08,406.1,493.48
545,437.08,466.14,420.6,460.36,453.8,428.88,413.96,487.74,412.28,439.0,444.0,488.14,437.96,423.24,489.58
546,442.98,466.1,431.42,452.12,448.16,429.64,420.66,481.5,411.04,442.3,447.9,472.9,446.3,438.64,493.66
547,430.14,476.28,441.02,454.36,434.54,428.4,413.86,492.42,419.4,429.66,454.48,477.6,433.0,443.68,490.12
548,429.56,462.62,438.68,451.82,442.58,438.56,406.92,492.0,407.62,423.1,455.84,479.28,433.8,443.74,480.96
549,427.08,460.72,433.68,443.5,438.12,427.14,409.02,486.76,404.56,432.58,452.64,470.58,431.24,436.86,468.86
550,443.54,460.64,430.38,458.36,447.86,427.48,402.84,479.06,402.3,437.9,438.7,468.16,438.72,432.4,455.86
551,445.2,463.44,415.3,451.84,451.14,425.26,403.08,481.44,404.3,425.94,448.28,469.58,442.96,449.58,467.42
552,441.42,476.06,418.28,452.46,447.0,421.38,404.7,477.2,419.6,425.62,432.92,467.86,440.98,447.4,465.84
553,451.52,487.98,421.22,445.4,455.82,417.12,422.3,471.34,413.08,423.34,426.78,465.26,440.22,437.6,460.66
554,448.94,481.38,425.08,440.14,450.1,430.22,429.44,460.98,411.3,422.38,416.76,477.58,434.24,434.06,457.44
555,451.84,484.62,420.96,427.34,458.72,440.88,429.52,453.68,402.96,424.34,419.3,467.74,448.66,433.78,449.78
556,447.06,485.84,427.54,431.0,469.54,434.02,430.42,464.5,408.48,414.02,424.4,459.06,452.38,437.78,450.6
557,446.68,473.34,427.82,435.44,461.12,440.28,416.88,465.92,415.06,418.52,423.12,449.0,454.8,434.66,449.1
558,435.86,461.8,435.84,429.22,468.28,430.34,408.36,467.54,417.6,426.58,411.72,444.64,456.6,432.04,454.18
559,432.26,457.42,430.0,424.54,460.9,433.92,403.2,461.82,423.6,428.5,411.48,451.78,456.14,447.76,449.44
560,434.26,458.64,435.68,419.24,458.86,438.06,402.64,461.32,438.22,430.36,403.16,454.86,465.4,460.26,439.92
561,448.12,449.06,444.46,417.2,463.4,448.94,390.86,454.8,442.14,415.12,395.52,438.16,456.62,465.08,440.74
562,449.52,444.78,442.62,411.8,461.94,436.72,400.32,452.44,447.26,416.7,400.56,444.86,461.5,462.76,437.82
563,445.66,454.68,439.62,423.8,456.02,444.54,408.26,461.16,452.64,429.0,398.9,441.62,459.42,453.34,435.42
564,456.0,464.44,432.94,422.66,444.28,444.34,414.02,461.26,448.12,436.14,401.38,433.46,459.54,450.9,423.8
565,458.46,463.62,437.72,425.76,446.88,439.44,414.26,465.84,438.8,431.58,408.96,430.36,449.6,458.8,420.8
566,452.44,457.32,446.34,422.82,442.12,433.92,412.26,461.16,433.38,419.18,411.04,433.56,459.72,466.96,435.18
567,456.2,446.58,447.24,426.32,447.64,443.64,417.58,448.0,440.74,422.14,421.14,418.96,459.56,467.7,428.2
568,455.12,436.56,446.62,428.14,440.36,442.02,415.3,454.24,436.24,429.46,419.72,435.54,459.68,457.28,428.42
569,445.44,435.6,441.92,430.98,435.38,435.36,406.52,458.44,435.28,446.82,418.52,440.28,464.46,467.42,434.62
570,449.92,437.56,429.44,437.42,432.5,435.56,403.48,456.46,430.5,440.44,421.1,431.32,457.42,467.64,447.88
571,444.72,441.24,434.0,442.6,439.94,424.34,403.56,467.14,416.46,439.1,422.88,427.62,470.04,460.46,443.82
572,445.7,438.3,445.38,455.98,441.28,422.68,403.08,458.94,413.3,444.28,419.08,439.8,476.06,466.28,451.5
573,445.22,436.34,457.7,470.04,431.66,428.9,390.82,470.04,418.04,436.44,423.84,440.22,472.18,469.46,449.98
574,430.24,439.62,459.18,464.16,439.92,436.34,380.22,461.84,425.46,424.96,420.96,438.84,488.56,481.52,460.92
575,435.12,439.88,447.94,459.64,434.88,450.74,391.42,470.06,418.1,433.14,406.7,454.06,488.14,477.18,459.88
576,436.18,439.72,451.76,455.3,433.14,455.94,401.4,467.52,420.3,430.78,402.3,448.52,483.6,476.98,449.6
577,431.66,432.38,465.46,455.9,426.02,456.32,403.5,473.54,413.94,432.04,386.76,451.3,485.34,466.6,447.3
578,438.56,435.38,459.0,464.26,432.74,459.54,414.26,476.64,407.6,424.2,391.82,445.34,485.76,467.5,435.62
579,439.84,434.22,456.72,459.7,431.38,451.86,410.24,479.76,420.84,434.96,400.42,435.8,477.18,472.22,444.5
580,443.98,442.08,460.54,452.02,427.92,465.42,411.64,469.16,414.84,436.68,402.84,427.38,489.42,470.48,458.08
581,442.6,441.98,460.12,449.06,435.38,456.06,407.62,469.32,419.42,443.38,419.22,422.7,487.26,484.68,460.76
582,434.78,447.0,452.22,453.12,427.5,455.22,405.36,468.68,420.78,435.82,410.2,430.16,486.36,482.38,455.8
583,423.56,432.92,447.34,445.84,441.3,462.44,407.38,465.18,421.6,425.58,403.36,435.94,500.6,473.64,460.28
584,422.1,422.78,436.56,451.34,448.3,464.86,406.48,472.58,431.3,439.8,417.16,439.94,494.58,478.86,452.36
585,417.48,433.28,445.14,452.44,449.8,474.28,406.84,477.96,434.72,435.02,423.92,439.88,502.6,486.06,447.0
586,418.66,448.68,451.7,453.54,452.78,475.06,414.26,464.06,437.62,427.88,432.88,435.88,494.5,492.52,448.98
587,421.74,444.2,450.06,442.14,443.84,474.3,408.7,467.76,449.68,425.54,446.12,434.16,482.86,491.38,438.02
588,422.12,452.6,467.72,452.24,449.94,478.1,417.46,482.62,445.32,426.6,449.16,418.38,485.84,484.3,428.08
589,423.62,450.06,462.62,453.04,434.34,470.66,420.9,484.86,445.14,417.82,446.48,411.28,482.96,497.9,442.5
590,432.2,445.94,476.6,462.8,429.9,466.74,413.54,490.3,455.12,413.78,437.46,416.04,483.48,482.86,444.88
591,423.82,444.6,477.7,459.28,439.28,454.94,421.1,489.8,451.0,416.42,437.22,425.34,486.64,481.08,445.98
592,422.66,431.68,477.48,463.96,443.28,459.9,406.86,477.04,444.58,429.88,431.54,427.1,492.4,480.82,444.36
593,426.3,434.24,474.0,455.92,451.82,464.08,417.12,477.18,441.18,423.3,437.4,425.16,478.32,476.78,432.78
594,425.52,426.4,483.64,451.86,448.5,452.12,399.5,470.1,449.02,430.24,428.38,411.12,478.62,468.86,438.8
595,415.28,420.86,480.96,451.1,445.02,456.62,412.98,457.84,451.94,437.88,430.68,414.2,478.74,459.4,441.32
596,413.56,410.54,477.7,458.44,446.54,457.2,415.9,470.08,462.04,428.6,424.88,420.98,464.86,450.08,429.28
597,420.9,405.6,476.88,451.3,454.4,459.2,414.84,467.44,458.72,431.96,414.26,426.32,474.28,448.4,435.16
598,420.72,410.32,470.64,441.28,449.52,461.36,418.28,464.1,465.32,443.74,423.22,427.34,463.34,458.98,450.14
599,417.44,404.34,461.1,436.24,452.24,458.54,419.4,470.2,464.64,430.2,418.78,419.18,475.94,465.82,458.96
600,408.8,400.94,464.1,435.28,459.54,456.92,436.48,469.8,471.48,417.74,418.64,422.28,464.98,465.34,459.14
601,400.74,402.76,470.58,441.92,464.04,447.16,430.1,465.14,460.36,418.66,419.86,419.36,454.72,464.74,454.82
602,399.66,396.18,474.0,454.86,473.76,454.84,425.88,460.98,454.2,414.88,437.04,421.98,444.2,451.94,458.62
603,397.8,397.32,477.4,452.76,476.32,458.28,417.4,471.14,455.54,411.94,442.36,422.2,441.7,464.62,458.76
604,402.38,402.84,478.94,458.54,470.34,446.14,419.06,468.08,460.72,407.22,444.64,412.66,443.58,469.14,468.04
605,398.92,400.88,485.62,469.14,469.02,432.78,412.4,460.5,455.66,417.56,439.94,419.5,432.62,467.82,461.4
606,398.06,391.24,482.68,457.72,470.2,438.62,413.76,454.1,460.78,421.26,443.28,425.8,430.44,467.12,468.94
607,402.58,392.26,484.88,457.16,477.7,435.82,427.14,465.08,445.36,424.62,438.34,422.9,427.56,470.2,461.54
608,414.46,398.16,484.58,461.32,473.12,446.8,433.44,460.9,439.48,410.92,450.88,420.6,423.34,479.58,466.18
609,419.0,395.98,478.82,455.48,475.68,443.38,441.9,471.54,436.88,400.5,458.92,418.72,421.22,470.02,464.52
610,412.08,402.74,483.82,456.28,482.12,446.72,448.32,477.28,432.6,398.5,452.64,420.74,416.02,468.16,469.14
611,409.92,409.26,479.72,466.1,478.08,449.04,458.88,485.94,421.34,403.36,453.32,421.56,420.7,465.78,483.74
612,422.36,412.0,473.94,467.12,483.18,465.64,463.22,481.42,414.74,408.32,455.06,413.46,425.82,466.06,494.24
613,421.08,404.22,473.0,455.96,491.92,462.84,459.14,470.3,418.22,397.66,453.42,416.02,422.88,463.94,503.82
614,410.9,408.42,477.32,465.9,496.04,458.58,456.96,468.8,413.12,393.68,449.16,417.8,434.06,462.84,512.12
615,408.12,401.8,475.1,467.88,499.16,458.46,467.46,477.14,422.48,401.98,449.74,428.72,449.82,462.54,514.4
616,415.06,404.32,472.1,462.86,501.26,461.26,468.24,479.3,428.74,410.54,446.42,419.58,446.96,451.48,503.2
617,413.7,412.72,483.08,471.82,493.7,466.9,466.84,481.86,432.6,402.76,449.2,428.7,452.42,446.52,518.9
618,403.06,412.2,488.46,471.98,499.84,461.22,470.32,485.38,438.12,395.72,455.06,424.14,458.92,458.98,518.02
619,405.12,406.46,486.8,475.0,513.34,451.92,468.64,471.24,453.4,383.9,452.44,416.88,454.0,455.16,518.36
620,409.16,416.54,495.64,482.38,513.94,447.32,462.4,464.1,454.74,393.88,456.34,422.12,457.32,445.48,516.26
621,424.74,409.06,490.06,488.84,502.52,455.16,470.76,462.64,468.2,403.3,456.28,420.26,440.96,452.74,516.18
622,425.72,407.64,489.14,486.64,498.84,465.44,479.52,469.68,478.1,399.92,463.26,424.14,444.42,461.46,509.94
623,421.0,401.6,485.8,482.16,492.66,464.34,491.6,471.36,466.7,412.34,461.16,428.76,439.42,463.94,511.02
624,431.38,399.48,482.04,481.04,491.16,467.38,503.84,469.76,464.48,409.96,460.16,420.06,431.0,461.12,510.24
625,426.36,391.24,484.86,490.0,491.92,453.82,498.3,455.3,460.62,406.98,469.92,412.32,438.62,472.26,516.26
626,421.34,400.68,476.9,495.78,480.98,452.78,490.98,471.26,467.18,408.18,473.98,405.14,433.5,477.6,512.76
627,430.96,407.1,463.34,509.68,474.78,467.76,485.56,465.88,470.32,412.32,487.76,407.78,433.74,484.94,503.28
628,428.42,415.98,473.0,499.46,466.84,468.02,473.86,469.46,478.86,420.88,481.1,412.58,426.12,468.74,508.82
629,425.94,423.32,480.76,502.4,472.44,466.86,475.78,476.92,468.72,416.96,474.52,419.34,441.62,467.08,497.88
630,416.5,414.48,473.24,506.34,462.32,459.16,468.94,491.76,479.52,419.88,470.56,422.46,427.48,467.62,489.4
631,410.58,411.14,474.02,510.56,451.5,471.32,466.1,487.52,486.78,417.68,467.7,426.94,421.06,454.88,478.94
632,404.96,403.84,480.7,498.6,461.5,473.88,474.42,493.96,480.2,429.82,481.24,432.64,421.76,452.78,480.12
633,406.22,410.76,482.56,497.52,452.28,465.02,472.0,500.58,477.52,445.04,486.36,424.82,409.78,462.48,465.78
634,407.92,413.32,489.64,489.34,461.98,460.32,482.68,504.88,472.24,440.46,484.74,437.18,412.06,469.44,470.04
635,407.96,400.92,491.92,486.92,466.94,455.62,484.0,494.06,462.08,448.98,487.08,434.64,408.48,462.58,470.66
636,413.46,384.36,481.06,473.24,468.74,463.56,488.6,503.4,447.0,453.68,479.6,443.48,414.54,454.6,459.32
637,405.8,387.0,479.78,469.98,470.52,465.3,498.5,494.48,442.3,450.04,479.02,446.38,421.56,448.46,468.44
638,407.68,388.34,465.4,456.66,459.84,457.08,490.66,489.1,458.04,460.98,471.82,457.24,410.08,461.24,463.02
639,409.22,390.82,456.1,457.66,467.6,466.8,483.3,475.96,459.34,458.3,480.9,457.1,397.48,448.2,463.0
640,407.12,386.96,443.0,454.4,465.76,471.46,475.22,464.18,451.72,470.96,479.44,455.9,396.38,465.14,462.98
641,421.2,391.56,444.42,456.08,458.84,479.6,465.68,470.42,444.92,479.36,478.78,457.98,386.2,472.52,462.06
642,433.36,396.96,442.5,457.42,455.9,469.66,470.74,480.88,452.26,468.0,487.54,463.9,384.48,471.02,463.64
643,434.52,394.14,448.84,470.48,460.72,465.02,458.8,488.36,451.54,474.18,485.84,465.8,385.6,478.38,469.64
644,432.62,404.66,453.82,484.06,470.18,469.62,467.54,485.54,444.12,479.14,484.86,471.9,384.02,487.78,467.9
645,440.76,406.76,463.5,485.84,465.46,465.62,467.1,492.08,456.1,485.66,478.82,466.58,384.68,488.74,464.62
646,441.68,415.18,464.36,489.5,474.7,459.04,465.94,477.96,448.68,498.06,493.8,468.34,386.86,496.42,471.0
647,441.86,420.64,465.08,483.26,478.92,458.38,477.68,478.78,443.68,495.16,505.58,463.56,383.0,506.96,461.76
648,434.72,429.4,458.36,480.5,485.12,446.88,472.06,478.36,443.56,497.42,500.78,458.04,387.3,493.32,463.38
649,446.88,426.7,461.9,492.7,487.52,458.06,472.78,466.78,439.6,504.02,512.04,473.48,376.6,487.72,454.1
650,442.24,419.28,465.38,481.46,470.86,470.44,459.78,465.26,430.16,514.32,522.68,469.0,388.98,501.28,453.88
651,443.78,417.42,474.2,482.0,463.16,468.06,458.7,470.58,436.56,516.6,510.26,471.88,402.24,487.44,455.32
652,449.16,410.86,470.26,466.42,460.8,466.3,462.86,477.12,436.86,515.04,496.38,466.88,412.34,493.7,451.54
653,447.2,405.38,465.02,474.72,461.78,457.14,459.14,480.6,446.96,510.64,496.86,470.92,419.58,485.58,454.24
654,446.16,394.32,469.24,462.88,466.08,467.5,453.7,487.18,430.08,507.6,496.18,478.38,422.14,497.3,453.42
655,447.18,409.0,468.92,449.22,462.12,482.28,460.86,489.88,431.68,498.04,502.12,467.16,423.9,494.96,464.4
656,455.48,416.04,457.86,450.36,450.34,484.64,451.58,489.68,435.02,497.16,502.86,463.8,422.06,495.56,456.88
657,445.6,417.76,454.72,454.54,438.28,478.96,447.28,475.32,449.06,497.84,497.64,469.72,416.08,496.48,469.18
658,430.78,418.8,457.14,451.1,438.34,471.26,449.2,463.9,442.9,511.96,497.56,461.7,414.96,482.84,454.58
659,428.04,426.32,471.28,463.1,442.86,476.52,439.66,457.3,452.06,522.34,501.7,469.58,416.24,477.46,451.0
660,432.28,419.02,466.82,469.94,438.68,461.64,440.0,445.5,445.84,524.16,504.32,477.92,419.6,469.18,446.4
661,430.68,411.84,473.2,455.68,453.0,463.64,428.48,444.56,447.18,521.1,508.16,491.94,425.96,471.18,444.3
662,428.68,411.58,479.64,453.84,460.16,463.32,424.94,459.64,444.26,510.18,497.98,497.28,424.74,476.34,443.24
663,430.0,418.66,489.18,463.14,451.0,458.4,431.4,460.64,448.34,520.8,501.98,505.34,415.56,482.14,442.04
664,425.52,407.36,492.28,464.66,449.7,468.46,433.22,466.7,459.42,518.52,502.08,505.3,408.46,478.04,433.76
665,421.9,410.96,489.2,461.42,444.04,476.58,429.1,461.64,457.98,506.1,495.6,505.5,406.32,484.28,428.66
666,419.68,423.02,490.5,463.78,439.9,472.56,438.86,471.32,459.48,508.6,502.54,520.06,401.82,488.9,432.96
667,425.76,429.78,474.34,465.78,442.02,460.52,438.68,470.26,457.96,518.74,501.08,513.88,404.36,491.06,427.52
668,437.7,432.16,471.6,461.2,436.64,474.52,435.14,453.7,458.58,519.84,491.04,518.6,393.84,484.94,428.42
669,447.1,443.0,472.76,453.28,425.48,473.76,438.26,450.44,445.6,515.02,500.06,521.28,406.06,489.72,435.28
670,447.2,436.82,474.02,449.72,434.14,473.74,442.98,460.2,441.12,505.38,488.16,521.6,392.48,491.06,422.32
671,433.08,446.08,485.52,448.3,445.52,465.08,439.92,464.28,431.4,512.94,491.86,524.04,409.98,491.24,427.94
672,432.96,450.6,482.34,444.16,446.32,466.16,435.28,451.66,415.6,502.3,486.76,510.86,409.96,490.66,425.38
673,431.58,449.04,478.42,448.06,453.58,468.18,422.02,449.62,427.02,496.5,494.82,506.42,419.52,493.68,422.3
674,436.3,443.26,494.02,445.24,440.72,456.5,415.32,454.58,416.6,495.46,497.36,513.1,410.34,495.54,412.26
675,435.18,445.58,496.16,447.86,443.44,472.02,416.32,460.66,424.76,502.08,494.7,519.28,415.68,494.48,407.16
676,435.1,431.7,492.34,434.8,449.82,468.46,421.94,450.4,417.32,491.36,491.32,518.5,415.66,493.98,416.36
677,429.26,440.36,489.16,427.82,457.78,452.8,432.44,452.46,414.2,497.22,490.38,512.56,411.32,492.4,417.36
678,437.84,446.24,488.46,428.0,450.54,448.28,441.36,454.38,409.36,497.76,495.1,505.46,423.34,507.0,420.1
679,452.36,447.48,485.84,431.24,446.06,455.86,435.06,453.12,407.36,497.98,496.34,498.64,418.58,497.06,425.56
680,451.42,449.08,494.14,427.78,447.08,461.96,434.54,450.62,401.22,486.82,491.54,500.0,418.56,510.36,431.24
681,444.94,462.28,487.96,420.88,453.8,467.14,433.28,446.48,393.98,489.28,478.62,512.8,419.58,512.86,433.34
682,451.08,458.6,487.74,429.74,442.22,462.5,437.44,435.4,409.86,480.16,468.12,511.08,423.52,516.0,445.26
683,461.8,466.7,493.18,426.36,438.56,461.68,432.0,425.82,412.56,473.22,465.46,514.72,424.5,503.92,442.18
684,456.76,472.68,491.92,424.92,425.46,451.3,422.94,418.02,419.88,471.34,451.58,508.32,424.48,504.4,437.44
685,471.24,471.38,485.52,431.5,427.58,447.78,414.04,424.12,430.7,471.96,440.46,509.2,416.1,508.14,445.56
686,468.66,480.18,484.96,444.26,417.28,438.54,405.28,424.32,441.52,465.62,437.38,503.36,425.58,515.18,449.66
687,475.16,481.5,470.5,443.24,429.82,440.42,399.44,415.92,433.24,456.26,429.18,489.12,432.96,523.74,442.02
688,475.04,479.26,471.22,443.6,440.22,440.16,394.5,421.44,430.78,460.0,424.22,481.48,432.94,513.58,459.24
689,466.18,484.74,477.34,446.44,443.26,432.74,402.38,420.6,437.1,475.8,418.8,488.58,448.2,513.16,459.16
690,470.3,494.86,484.38,444.66,455.14,430.5,400.92,425.84,440.62,461.58,425.84,484.02,452.96,503.18,463.06
691,468.14,497.48,476.48,449.82,449.02,435.98,413.62,419.64,457.48,458.02,431.28,472.06,455.74,504.22,463.5
692,456.24,494.56,481.9,448.68,449.76,451.16,408.3,414.14,451.72,463.08,420.14,478.62,457.16,501.02,464.66
693,465.7,484.88,479.3,446.54,437.64,456.72,417.6,408.46,455.2,454.06,424.38,483.84,463.26,501.18,457.36
694,459.88,477.48,470.92,444.62,429.64,447.3,423.06,425.18,465.48,448.96,426.42,485.76,453.18,498.24,455.38
695,455.06,478.0,471.28,440.44,423.5,437.3,411.52,421.04,462.78,451.76,433.12,481.24,450.96,502.7,452.2
696,450.8,476.92,462.54,436.04,411.58,436.66,396.46,433.2,472.54,446.62,421.8,478.36,454.3,499.5,446.16
697,444.04,477.32,462.08,435.4,410.82,446.14,392.8,433.7,484.42,461.96,426.34,479.16,451.52,485.16,441.74
698,455.14,471.38,477.96,448.1,407.38,458.56,406.26,434.56,474.36,462.86,427.74,471.12,447.96,488.3,425.78
699,439.68,482.2,477.68,437.28,402.58,453.14,415.06,431.64,478.34,454.8,415.94,459.14,453.2,499.02,436.68
700,452.52,481.38,475.68,450.0,415.84,450.7,413.64,430.12,483.08,451.68,415.44,466.74,444.28,494.7,448.4
701,447.36,486.46,475.02,441.04,420.28,455.5,422.72,421.42,483.04,460.64,425.22,478.1,435.56,492.98,453.46
702,453.48,484.86,470.14,441.7,425.42,449.98,415.04,425.64,478.06,457.5,437.62,487.66,433.66,489.66,452.98
703,449.08,478.56,457.72,439.24,429.42,455.0,413.62,418.1,474.98,453.6,438.4,483.84,431.94,495.54,450.08
704,445.08,488.42,457.34,440.72,437.0,458.1,418.6,414.46,482.2,468.02,434.82,489.66,428.76,480.68,437.22
705,448.18,489.4,453.72,445.42,432.76,454.42,409.66,421.66,486.54,482.02,428.28,496.76,427.64,480.58,438.84
706,441.46,481.2,467.16,444.58,442.26,448.08,420.56,425.76,475.52,490.68,422.66,509.32,436.08,477.52,448.36
707,451.08,477.56,477.22,429.98,441.16,454.14,428.64,436.36,459.4,479.56,427.56,513.6,449.72,465.94,443.96
708,457.08,471.46,481.3,430.52,450.84,460.04,419.56,446.18,457.84,473.7,424.8,514.62,447.56,464.64,446.3
709,462.58,463.74,471.32,427.54,460.46,454.0,430.18,441.96,447.04,459.1,419.94,512.2,445.98,478.18,449.52
710,463.16,456.96,470.86,421.3,452.12,461.9,421.98,441.6,458.24,465.78,418.54,499.66,448.58,482.8,461.1
711,463.42,466.16,463.62,432.62,439.56,458.22,423.34,428.44,466.84,463.0,421.34,500.4,445.28,485.16,453.56
712,462.7,469.36,456.72,443.1,429.54,453.82,415.88,413.86,474.64,469.18,429.22,498.12,443.84,476.22,445.5
713,465.42,474.62,458.58,431.24,435.8,459.58,406.94,416.36,469.22,457.02,434.44,487.38,447.82,480.84,443.14
714,462.66,487.56,444.52,426.72,434.96,459.08,397.84,419.42,460.08,462.32,422.3,483.68,444.12,491.5,444.94
715,458.86,490.88,441.62,436.4,443.3,458.54,389.8,422.46,466.74,457.56,420.9,479.78,436.56,484.64,438.82
716,462.3,485.38,429.82,434.48,437.46,460.24,391.74,414.74,467.72,456.88,413.5,477.8,441.44,487.62,431.58
717,458.2,478.86,433.4,429.16,427.14,457.12,396.5,415.02,461.12,443.48,405.72,483.92,448.64,486.1,437.66
718,447.84,478.6,424.18,422.32,430.18,453.24,404.56,416.98,448.34,447.98,402.22,468.3,459.18,480.38,425.48
719,439.26,470.5,425.7,421.96,431.48,459.0,417.24,427.88,456.94,461.62,396.7,469.58,443.06,479.36,422.12
720,445.74,481.86,423.08,423.44,429.62,461.5,426.4,426.94,461.14,462.4,405.4,459.36,450.84,482.48,431.88
721,457.98,482.54,419.32,420.64,427.02,474.9,435.44,411.22,463.68,444.92,411.14,459.86,444.92,482.38,436.94
722,466.68,480.04,417.92,427.26,430.6,475.44,445.7,416.7,475.86,449.74,422.86,461.14,440.66,480.22,442.08
723,480.64,482.54,420.06,416.7,437.8,471.78,446.5,409.6,466.44,449.08,414.64,455.52,441.32,467.14,447.28
724,482.54,488.44,406.78,425.8,439.34,482.42,448.2,414.4,483.48,456.66,407.22,456.02,453.5,462.84,463.38
725,481.58,482.68,413.12,412.3,426.48,472.2,448.34,423.5,487.06,459.66,408.04,455.02,437.98,464.24,459.68
726,478.0,484.9,424.98,409.58,429.0,473.74,449.34,432.8,494.18,471.64,410.24,462.74,438.02,456.58,454.64
727,479.86,471.02,429.26,410.3,428.86,487.8,437.92,434.58,491.06,473.56,411.32,466.34,451.66,454.74,454.44
728,477.86,466.12,431.9,411.12,444.18,494.5,428.04,422.68,493.9,468.74,409.7,464.36,447.02,453.44,445.58
729,465.14,461.04,429.74,408.16,449.8,486.12,435.9,423.24,490.66,464.74,413.18,468.34,451.36,453.86,443.46
730,468.28,457.48,425.18,400.38,447.38,475.34,428.1,423.32,488.54,464.38,419.88,458.9,460.8,443.68,432.8
731,480.36,441.32,432.88,403.24,454.3,460.66,445.84,431.28,479.86,458.98,431.66,446.9,458.02,440.12,439.56
732,479.04,445.42,428.98,401.6,450.4,452.54,442.62,427.34,473.3,460.1,431.62,446.72,450.2,443.6,431.18
733,467.26,434.26,432.12,414.0,453.72,462.56,446.24,430.72,466.62,450.1,433.46,447.34,452.0,445.88,436.88
734,470.38,418.86,434.28,409.48,451.6,463.1,443.52,424.72,467.58,445.34,449.18,436.54,464.5,438.5,447.92
735,455.74,434.14,428.56,410.66,437.86,467.82,447.9,422.7,464.56,437.18,450.2,439.72,466.3,439.14,448.58
736,464.38,431.12,441.3,397.58,435.0,466.9,449.44,427.5,454.48,445.3,458.14,428.76,465.48,435.12,448.62
737,463.58,429.4,443.62,397.24,431.6,474.26,456.04,438.48,460.96,455.16,460.66,434.3,452.7,433.16,445.32
738,457.08,436.2,441.06,399.96,426.4,477.46,457.9,437.72,461.92,440.06,461.96,445.84,465.02,434.88,430.58
739,456.98,426.86,450.36,390.5,431.52,478.4,459.28,436.94,464.38,432.94,456.08,444.88,456.74,437.58,422.66
740,461.58,423.76,446.24,399.64,425.0,476.28,476.22,439.76,467.78,436.46,456.04,439.08,440.9,446.38,423.64
741,451.36,415.76,445.64,403.5,429.22,471.84,474.8,447.92,455.8,433.06,449.26,441.58,449.14,449.78,422.52
742,452.08,411.68,438.66,402.42,422.24,462.26,477.26,443.42,457.36,430.78,458.08,426.36,446.28,457.16,423.22
743,450.18,420.88,433.02,404.5,437.44,459.64,467.78,447.16,453.68,436.18,456.4,431.4,450.18,448.44,437.44
744,451.7,428.56,426.12,401.24,434.14,471.9,464.52,435.84,450.72,443.34,466.96,438.5,459.7,442.64,437.48
745,450.74,438.9,419.74,397.76,439.9,473.5,469.86,436.78,445.14,438.66,458.16,434.06,466.1,442.48,448.72
746,448.8,441.04,429.92,403.24,449.24,482.92,477.42,427.4,444.22,430.08,470.24,437.12,465.3,432.14,450.32
747,453.5,429.98,418.76,412.36,441.24,486.94,473.86,432.84,429.66,414.12,460.1,431.08,473.06,438.52,458.06
748,443.04,433.76,412.6,407.56,442.14,483.32,474.54,430.56,444.7,410.44,460.06,430.16,468.68,436.46,460.02
749,442.34,433.54,423.08,407.82,441.86,481.2,469.0,440.98,445.98,425.18,461.9,433.18,460.88,423.6,453.88
750,431.22,438.98,414.76,398.36,439.74,481.74,478.72,439.76,455.18,414.88,451.54,432.12,465.58,421.76,451.58
751,430.68,433.58,409.64,398.04,435.6,475.82,473.06,446.14,449.02,415.72,447.62,419.4,474.26,437.24,447.44
752,433.74,445.5,417.38,409.74,428.82,481.64,485.36,446.58,451.66,414.46,438.98,418.86,466.84,443.58,444.64
753,445.48,444.24,432.7,409.32,413.48,479.54,495.32,451.36,454.18,426.22,444.94,413.72,462.5,435.04,458.3
754,442.92,435.9,437.22,420.68,402.12,478.78,484.42,454.7,460.98,412.92,456.32,405.76,472.78,449.4,472.34
755,447.56,419.0,436.64,425.8,418.28,468.08,491.84,445.78,453.58,405.94,464.74,412.9,482.4,438.24,461.16
756,459.5,417.32,428.88,427.2,418.68,465.16,491.32,439.66,460.72,402.36,461.68,409.36,475.16,429.04,460.72
757,447.22,430.74,430.0,436.94,417.62,475.46,482.1,444.44,475.72,399.54,457.46,396.12,472.38,426.64,459.62
758,441.88,434.04,420.92,447.22,416.08,481.0,485.02,442.9,476.38,393.48,458.5,396.78,476.1,437.22,470.22
759,428.36,441.14,421.76,450.14,415.68,479.78,482.76,444.88,471.98,396.36,458.42,386.08,465.94,430.4,465.82
760,430.38,454.18,427.78,443.86,422.6,481.62,485.84,446.74,461.96,394.44,457.72,389.66,462.18,435.02,467.14
761,431.4,455.24,424.36,441.2,434.62,480.64,488.76,457.28,459.46,398.94,457.62,379.96,467.58,433.22,475.1
762,434.04,444.98,433.26,438.86,434.08,478.3,498.82,465.22,461.88,404.86,448.6,379.94,476.02,446.62,478.48
763,432.8,442.6,427.16,444.2,434.72,486.2,495.42,461.64,466.52,405.3,434.58,375.64,475.68,447.34,474.94
764,432.72,440.88,431.42,438.82,432.6,482.2,506.62,461.22,479.42,405.42,447.98,386.26,486.88,441.48,479.64
765,433.54,433.9,442.78,432.96,429.26,476.0,510.28,462.74,466.16,406.14,449.92,385.22,492.0,434.46,487.54
766,426.66,437.58,453.32,449.32,429.06,467.6,502.78,470.12,468.72,399.76,458.88,385.2,487.62,421.82,492.28
767,426.36,428.72,451.84,441.06,445.3,475.42,492.98,475.72,465.74,413.66,459.2,387.64,470.86,424.0,492.26
768,422.3,434.04,456.76,457.52,448.06,479.14,490.5,478.5,475.34,411.56,462.0,395.94,470.68,437.1,492.92
769,431.58,438.7,462.76,457.2,446.66,488.18,488.0,480.52,479.62,403.64,455.66,397.14,479.78,440.84,496.56
770,427.24,427.62,471.66,459.82,447.02,490.18,490.2,468.0,470.5,412.56,446.64,397.12,472.32,441.42,489.38
771,414.68,428.16,465.64,452.12,437.62,490.36,488.68,473.42,478.58,428.52,443.48,399.72,471.68,425.28,493.78
772,417.3,437.9,463.68,453.02,434.3,483.28,481.58,474.66,474.24,421.36,435.9,402.54,468.72,422.5,489.86
773,403.96,445.82,461.18,450.9,432.0,485.54,495.42,473.42,478.66,428.08,440.98,418.14,461.34,429.72,485.7
774,386.88,442.6,473.38,443.58,443.78,476.68,487.46,468.66,463.98,432.5,449.94,418.12,453.82,433.42,468.1
775,399.32,444.76,465.22,448.66,448.4,482.4,482.84,454.94,457.34,431.26,441.88,411.96,454.3,428.86,481.42
776,398.26,453.08,453.44,464.3,446.66,476.9,479.02,456.74,456.76,423.02,432.02,414.94,456.44,427.12,477.58
777,394.14,465.84,450.9,471.78,453.36,477.78,486.64,465.94,459.52,417.1,420.8,412.32,445.08,434.0,483.46
778,389.72,454.08,442.42,466.14,450.72,463.0,498.06,478.38,462.52,417.62,429.76,412.3,441.08,433.62,490.14
779,394.92,455.3,452.36,464.58,440.72,465.8,483.12,479.0,475.84,422.86,434.48,408.16,437.74,434.64,482.54
780,394.84,457.18,452.72,473.28,445.2,464.94,492.66,469.14,484.24,433.62,440.54,408.74,433.66,432.98,484.84
781,391.16,460.38,445.64,472.96,438.54,464.58,491.96,475.62,487.02,432.54,429.14,413.84,442.08,443.94,470.56
782,397.46,466.0,443.36,470.24,443.24,471.7,485.48,478.4,491.6,441.24,423.9,399.66,449.3,437.98,469.12
783,408.88,470.92,427.46,470.92,454.46,460.86,482.7,477.3,499.18,446.48,415.8,406.78,460.64,443.56,475.66
784,421.66,482.7,426.42,483.26,457.96,471.2,481.68,487.66,490.3,449.14,402.62,417.78,451.74,450.38,466.98
785,436.72,482.12,435.08,481.88,456.22,482.54,479.42,493.24,495.44,454.74,404.34,419.04,454.54,445.56,463.84
786,437.86,477.18,434.34,495.02,460.22,485.2,475.44,496.1,507.32,451.38,409.44,430.56,440.26,441.14,472.86
787,439.6,472.94,436.5,507.24,465.6,476.98,470.76,491.64,512.42,448.08,405.82,428.76,441.0,431.66,475.36
788,450.38,464.56,445.42,511.44,460.12,472.18,475.06,487.72,513.02,460.7,415.86,415.78,433.74,425.44,488.34
789,460.98,470.08,441.76,518.56,454.96,478.54,471.98,504.74,516.06,462.92,418.9,407.08,439.04,423.92,483.96
790,444.66,470.76,449.6,504.16,459.5,474.64,465.26,501.08,507.22,471.84,415.98,409.76,453.54,424.56,479.38
791,443.72,477.1,457.98,497.72,457.38,468.9,454.84,499.38,504.14,474.0,433.5,421.68,444.5,421.44,468.54
792,443.78,488.66,470.7,497.86,452.04,472.82,461.06,501.98,517.16,475.34,422.12,422.72,439.76,414.64,460.74
793,442.42,493.76,477.2,495.66,447.34,458.88,473.94,504.04,514.06,469.72,406.32,420.5,443.32,411.98,454.16
794,438.02,490.9,486.62,490.2,455.92,454.68,476.5,513.58,503.4,470.02,390.72,414.74,433.32,420.2,453.5
795,440.08,479.06,494.46,489.14,463.98,466.58,481.52,510.62,502.4,462.9,402.14,427.74,429.48,422.64,440.38
796,440.62,477.14,489.9,487.52,457.64,472.98,485.42,518.5,493.88,466.5,389.34,424.94,424.74,422.62,440.9
797,438.22,471.84,489.14,486.38,466.7,465.68,485.94,514.9,499.74,478.94,391.22,425.8,430.28,420.68,440.64
798,449.26,467.04,480.2,490.7,472.52,464.58,472.42,508.88,497.2,468.0,396.9,440.8,443.36,427.44,438.52
799,462.52,461.46,483.28,487.14,477.0,466.34,470.34,504.58,503.12,459.96,391.54,447.58,447.5,440.04,437.2
800,473.82,457.74,496.14,493.72,473.4,469.44,475.08,511.6,493.06,467.44,406.84,444.06,446.74,433.62,442.52
801,486.78,470.4,497.7,502.02,486.84,474.92,480.76,509.54,503.74,467.66,409.84,454.66,429.38,420.78,433.24
802,472.64,456.0,497.46,491.54,494.74,468.08,478.36,497.94,510.32,484.6,419.42,462.7,440.44,427.88,448.1
803,464.28,466.1,498.7,489.22,495.62,471.36,464.5,491.68,503.1,485.72,413.54,469.1,442.28,437.22,445.62
804,474.94,478.26,499.84,475.08,510.86,458.72,459.4,485.32,494.88,492.32,415.2,463.96,432.6,430.08,443.74
805,472.46,494.34,493.38,468.92,507.78,457.12,466.28,492.44,508.76,483.78,407.2,449.3,420.46,440.8,454.2
806,470.0,500.78,496.64,471.14,495.98,466.74,454.86,502.24,510.8,489.48,413.86,441.98,420.2,454.3,440.84
807,482.06,491.9,489.98,474.92,497.16,449.38,452.46,487.28,502.42,491.8,412.92,456.18,420.06,460.08,445.36
808,482.12,499.42,488.46,466.96,497.52,432.02,454.2,485.4,510.64,496.58,413.24,470.72,419.52,457.92,440.26
809,491.86,495.96,484.32,453.82,491.32,438.32,442.2,487.46,523.58,493.2,417.38,477.96,426.22,464.56,445.66
810,492.7,499.1,477.4,466.94,481.02,437.86,446.54,486.2,520.56,482.7,427.42,481.64,434.06,454.5,443.96
811,487.7,485.9,480.14,466.5,467.5,426.54,454.26,481.9,514.62,489.96,432.26,491.94,426.16,456.64,441.78
812,477.74,494.8,481.16,456.62,469.14,425.38,452.26,478.22,499.46,483.78,427.2,502.1,422.96,451.66,431.0
813,474.78,484.82,479.02,459.68,472.88,427.36,460.58,482.24,485.12,495.92,427.18,510.04,428.04,449.6,426.78
814,479.56,473.98,478.06,466.5,477.62,435.52,447.86,477.12,480.04,491.62,421.58,502.12,419.98,444.1,430.54
815,480.24,480.4,477.48,470.74,476.82,441.56,447.28,478.46,490.32,497.3,433.74,502.18,424.9,443.26,425.46
816,481.4,478.92,464.04,457.6,492.18,449.9,448.2,476.34,482.26,497.52,436.32,502.26,435.16,455.48,434.16
817,484.22,481.6,474.36,454.0,488.02,453.0,450.94,469.98,490.78,486.5,436.3,495.0,443.52,461.14,422.44
818,492.48,485.64,468.08,450.14,476.04,441.68,460.18,466.98,491.6,481.5,431.3,496.14,433.4,459.98,428.14
819,483.72,491.92,459.6,449.82,482.16,442.52,455.34,463.02,477.52,484.76,437.72,492.3,440.84,453.9,411.1
820,484.32,494.66,457.7,436.34,472.04,446.0,446.9,474.92,485.22,474.68,443.3,496.76,457.58,449.0,414.42
821,496.36,484.16,452.02,443.6,471.44,435.92,445.48,482.68,482.72,475.42,443.28,493.84,459.3,463.5,408.7
822,484.52,480.56,446.68,438.7,478.68,437.1,451.58,490.98,478.02,479.72,446.34,491.46,459.48,468.92,408.54
823,496.72,479.5,449.16,437.84,472.36,429.28,438.76,487.52,476.68,469.86,438.46,490.1,472.44,470.94,407.66
824,504.62,481.96,446.52,440.16,458.06,441.1,447.32,494.16,475.32,459.28,424.72,480.06,469.96,460.36,410.12
825,506.38,492.96,444.28,437.5,456.4,441.44,449.74,507.6,469.98,449.74,434.06,479.46,467.76,450.18,396.82
826,507.7,494.16,454.56,422.3,458.88,437.08,444.36,502.68,478.8,451.22,443.3,478.8,481.7,444.36,403.32
827,507.46,487.78,466.44,421.74,445.88,434.72,439.94,488.88,471.96,454.7,450.44,470.44,480.38,435.44,409.0
828,505.28,490.46,458.14,425.04,451.0,447.18,436.12,479.18,477.88,463.6,438.46,466.84,484.42,436.58,408.8
829,509.14,485.2,450.84,425.98,455.18,453.48,438.96,466.02,466.0,457.66,430.04,468.72,482.56,438.54,415.82
830,516.2,489.84,455.1,417.04,463.46,458.42,435.84,472.98,461.66,451.84,416.32,467.68,484.48,437.96,412.5
831,518.36,501.52,445.74,420.08,457.52,471.8,428.1,468.24,460.4,468.82,418.56,469.02,487.56,426.04,427.44
832,508.42,499.48,439.06,426.14,458.82,462.5,429.68,475.4,448.62,458.54,434.94,474.12,479.1,437.64,423.08
833,495.12,495.28,454.8,425.96,454.16,467.7,433.44,486.14,448.54,464.88,434.08,476.6,465.44,437.5,423.12
834,481.14,484.86,451.3,424.92,450.86,470.24,445.68,473.5,452.18,459.16,443.54,480.22,461.92,436.62,425.58
835,478.8,485.52,452.16,422.8,452.4,463.76,458.04,472.06,441.44,464.88,453.24,470.88,457.08,447.02,420.02
836,471.58,496.36,442.14,420.54,461.78,476.9,465.1,459.44,429.82,463.58,452.72,462.04,473.12,462.18,403.62
837,472.52,502.56,448.62,410.02,454.94,474.06,458.78,463.2,430.3,461.6,465.36,460.92,483.4,477.18,405.76
838,461.28,505.84,443.14,412.62,460.96,490.98,464.28,452.02,424.08,462.74,461.82,469.32,484.94,485.0,394.8
839,462.24,493.54,436.62,410.26,452.84,481.2,454.6,441.82,419.44,451.38,471.02,472.76,481.42,484.02,396.92
840,462.48,500.94,425.14,422.16,458.04,473.4,451.92,434.96,424.24,454.14,476.16,470.36,473.7,482.58,389.04
841,476.54,498.02,415.1,424.9,465.82,482.58,459.44,420.22,425.66,459.88,467.66,455.38,470.3,478.4,396.72
842,481.88,485.64,410.58,433.44,471.06,486.66,451.7,428.16,419.24,458.7,476.74,458.46,475.58,470.54,396.94
843,477.68,484.68,414.5,425.46,462.52,487.92,451.32,431.98,428.72,456.46,479.68,453.2,476.58,482.68,406.06
844,483.06,478.76,414.48,428.92,467.54,489.04,438.2,425.48,440.76,455.56,478.28,448.68,488.94,477.48,404.6
845,484.6,481.92,400.6,435.56,453.22,490.8,434.7,424.96,443.14,464.0,475.88,436.74,485.38,466.32,406.32
846,489.98,474.34,395.04,436.86,447.36,489.56,424.26,418.1,454.68,467.56,487.32,438.28,498.64,472.96,405.72
847,490.9,473.68,399.26,442.84,445.4,483.24,434.52,411.72,459.36,469.14,487.72,444.5,498.86,483.48,401.62
848,482.52,466.78,399.24,435.74,436.14,486.8,445.82,417.48,449.0,477.3,488.98,434.2,499.08,476.52,409.04
849,469.48,460.94,400.06,434.1,439.28,485.56,440.5,414.34,448.76,480.72,503.36,423.08,500.88,479.1,420.24
850,470.76,463.46,400.34,430.86,439.2,481.4,425.56,421.98,460.78,488.76,499.48,424.88,497.02,480.08,419.34
